Id,FirstName,LastName,Email,PasswordHash,Role,CreatedAt
80d959e9-e057-4c62-9b1a-10e024d80bd3,Tani,O'Keaveny,tokeaveny0@ibm.com,$2a$04$kRgcJrF.7It8Gn9mecBZWOp3uU/N/T0F5x6QhJzrFLnD.Zpoy.0QO,0,2019-01-16 04:22:42
0a7c57ec-9530-4bdf-8679-b4f80917b7f0,Morganica,Cushworth,mcushworth1@drupal.org,$2a$04$SFLhp1uMgQBuq.TUz6bJ.et9JH8qAm5X8KbDxeBgJ6vEAi873BMXa,0,2027-03-17 19:21:46
e57a9f64-e37e-4816-a433-05fa40816a85,Vergil,Babb,vbabb2@answers.com,$2a$04$5f1F353a50wsFZNr3PKWxet45dL4H9rvBQxNjN/D2FvKROvGU63oW,1,2028-11-04 22:41:09
a4299f79-9a9b-47c6-a8ff-395675af02f6,Sarina,Allso,sallso3@cnbc.com,$2a$04$8lon9Cbu7TfVsUBCgmXtfuiBmc0a96PbVBinSLta428CbYhTH/LkK,1,2026-12-14 15:17:19
e01a152c-a42a-4a8d-bbfb-516e4e551f79,Susannah,Culvey,sculvey4@examiner.com,$2a$04$.0RumSuFlzrMRT9e1P27p.d6YIiV9UrT6yB5tjBzEgnKZ9IkLa4hi,2,2030-12-28 11:51:33
6577d06e-67b1-4e14-a826-53cb120fa4d7,Henry,Townley,htownley5@ucla.edu,$2a$04$RJiJb1Xdf53ld00mZcTCsemzn6KBGk956tG3C.KrWx6V8Lp5kQXuW,0,2027-03-04 18:03:09
21239cbf-dc46-4070-b358-1594893a11d0,Cherie,Girardez,cgirardez6@amazon.co.uk,$2a$04$YqJhSGL.3ssqabxqe0WreuH93jv.YBhuuyVmXpEzeyWQp/fIlZ1jy,1,2017-08-04 23:23:04
7bc9c079-d799-45f9-b918-f0d0cb234bdf,Cherlyn,Gladdin,cgladdin7@berkeley.edu,$2a$04$0Bf7SWjNhS9.ONngti2OwOQlTYn9F9xraUJumciBDUdAHgg4KbhTK,1,2023-08-06 14:36:30
f69d25f7-9bb8-4643-8ffa-02ee8900cc4f,Jake,Leppo,jleppo8@shinystat.com,$2a$04$pGXJW7xeoTMfSFE7C5C.Ae/jpKilN/s7L45Ev9JTkyo96ybczIrP.,1,2017-02-03 00:00:51
ea81035e-ea8d-4bae-96d9-7f4877730ad7,Cooper,Doiley,cdoiley9@netvibes.com,$2a$04$Ou0ySGFAzQWVRB.l72gf/Oq0YqL.XqaL4w.oxwZG7MzzAcIiDD0t.,0,2030-02-17 05:28:09
617b4d54-ce2d-42a6-8477-19872acaffa6,Carolynn,Giffon,cgiffona@furl.net,$2a$04$GDLz6ohCvGqO95CNZCrnh.CLJnKAxqK2M0gfs7jGTPYPS3OeDWcpS,1,2020-02-09 14:20:52
1464f037-9d13-4eb0-842d-56335a7ba05d,Steward,Claw,sclawb@hostgator.com,$2a$04$gzEiZIxAc.ACsNE0s3C4MenEyILsOn/AeDUp2UyYzCvbAq7cNXm8W,2,2022-06-12 23:00:39
0837c78c-af4b-436b-a2e8-9f2058df484f,Quentin,McGrey,qmcgreyc@about.me,$2a$04$L.ziLp0AaPUjDKB4y7FrK.P8JOsRlBon0QVM/cibRpo.OJ82whSkO,1,2026-07-13 10:47:06
d66b303e-77a8-4cfa-93a3-6d0f2eccc47b,Lorette,Haighton,lhaightond@uol.com.br,$2a$04$UKS5wquUL6GRSZF5Qk1Jqe7euo2arH8OWAsuHkkd0v84CnOYspGji,2,2025-04-04 18:11:24
58736a28-d01e-45ce-9372-417f4226a43e,Rochester,Salack,rsalacke@nymag.com,$2a$04$m/bosP5Iy3Yn9pVyFsKgJOcyDq75ZO0fpH.LsWxnFbhZHR5SulFj.,0,2024-07-30 16:21:18
b6366848-4a71-4dc3-a95d-b9afefb660b1,Cynthy,Drakard,cdrakardf@ameblo.jp,$2a$04$QBOwTn0N26ZN4nBHfjV94eE7noJTaGXk3W1BE0NNj39ljMI1oZgLq,1,2019-10-11 20:06:28
962bf1fd-35ae-42ea-b97a-b71fb1f91e4b,Lukas,Winscum,lwinscumg@51.la,$2a$04$jjhtiKlnWm1QJ96i/rmyRuIDSR8FFDz8brSjV8w5Rs5P1QZ4fOiBC,2,2024-05-29 23:59:49
421a6674-39ca-4da1-83f3-39e3319da043,Jordanna,McGowan,jmcgowanh@reverbnation.com,$2a$04$x1TjZ0OjWYZrxpaXZxLaOesh34n3fCTvtSid1BqZ.BPJAOZyINbQi,0,2029-08-17 08:16:01
d1409383-7e9b-4f73-a8fb-7bf1cd93dbcf,Antonio,Mossbee,amossbeei@chronoengine.com,$2a$04$iOeRz7JWfu2zkVQh8XrnW.4Y6.h4X8tkGRJ4YCabOn3IvKjmcz5he,2,2027-08-04 05:01:36
89d0a0bd-747b-4345-af22-cd3bca06b24e,Gretchen,Arrigucci,garriguccij@whitehouse.gov,$2a$04$eDtshIvGtY/bw41m79p9wu/WgtVpxRndeit1ysk9KkcF0IBtohUKK,2,2018-11-02 15:45:38
f519c781-120d-49fb-9714-8a2f64a28681,Gretchen,Yoskowitz,gyoskowitzk@51.la,$2a$04$rhqV1b8B9Kx/RaP.xyX.2uXxgdRHNPFVMIczcD5dIiTk9kK035q/O,2,2025-06-13 09:38:27
dfacac30-4156-4859-9064-7d48ff1ebacc,Leona,Spaughton,lspaughtonl@skyrock.com,$2a$04$0ZVr5L9Hw2NKDj6PXvkOleOI9327.Xz1.ToFVFjmZ97KOgAlaOVzW,2,2024-11-18 00:56:44
3629863c-ba74-493d-9b89-c3afc6c25a58,Christyna,Idill,cidillm@chicagotribune.com,$2a$04$h1kkRbc.3829ouejj5tyfeY1Cx0sQ4D17AhbtE99fAY3tFQ9G9s9i,0,2021-02-19 07:11:47
dc1496d6-b470-4ac2-b38f-b005de82fdc4,Ban,Shilton,bshiltonn@bandcamp.com,$2a$04$vmZw2Js89zJ1A9VzwsB/tOYOC8MEzlHVpeaJdbVd7fpPWXKRN.GU2,1,2024-09-25 14:32:21
05422343-e639-444f-857c-dbd1d1be0649,Breena,Conlon,bconlono@typepad.com,$2a$04$h4feScECFXaD8rDs9TDKwuSRIRmRydu2P2.fsqmcX/shVEnWNCvHe,1,2024-06-03 14:10:41
a76bdd63-8f8e-4aaf-8f0a-fea808c61954,Eberhard,Widdocks,ewiddocksp@cdc.gov,$2a$04$yt1tFFPaU9Whrno5uM8OwuFyodpOKji.8BX9bXH6xF7bJmVgPSDCC,0,2018-11-25 01:16:11
0f8ada93-c701-4be6-b5c7-47b0c8859f65,Matthew,Leverton,mlevertonq@dedecms.com,$2a$04$kLNCZEhZ7ZdRBIp1mVO0wuoJKqYCUsF6JNI7A/rMbt31m8IYYIRWm,2,2018-12-19 03:02:10
4f1b6046-0fe6-42d0-a07e-118d4203a15f,Quill,Parmeter,qparmeterr@dmoz.org,$2a$04$LJwOPuVFE3SwuD1uZrnj5Ovmdt7PiZo3A9vBMiMJRhgCoFMddou2G,2,2018-11-15 20:23:51
84527b3e-f03f-48fa-8619-98d58e270af3,Halley,Grocott,hgrocotts@cocolog-nifty.com,$2a$04$bMAhzcjd0dCfpunIwr8Ia.U.cCYOoXIhvFaO72aiGvclenT.yGKPu,2,2015-10-01 10:39:44
c6bc3048-a30f-45ab-8f39-e648d63aeace,Salomo,Rickardsson,srickardssont@washingtonpost.com,$2a$04$0I0ulYmWwRPd75EbfwafhOAunSKUDRzbcCwjFi9yJgmn1A273prQ2,0,2030-03-15 18:07:27
a0ff6479-5a4f-479c-bc31-c3468b627dea,Ned,Papierz,npapierzu@miitbeian.gov.cn,$2a$04$OWPWcjil32X3zopE8WRduuPhALHpP9RkZsenqkbPo5BJFLZ7oO77S,2,2021-06-18 00:36:02
ba67fd46-8114-4f5f-981c-89960e9920c0,Madeline,Ellif,mellifv@elpais.com,$2a$04$Nb0bH4nVZB4HyXMyGCvYuuC7cNd9D6NSormJrwek6/vfx2sIrO9Si,1,2026-11-14 02:28:53
8f3bb127-cba5-446d-a162-3d60643fa2c3,Bartram,Shieber,bshieberw@cyberchimps.com,$2a$04$q3H6zUHkMzwqTLUyGLQN7OUiAlpaOU2/ycex6sdgHXV.tMsVehhuS,2,2028-05-23 08:58:35
72112cae-ea15-42fe-b5da-e158ac3801aa,Magdalene,Hedlestone,mhedlestonex@edublogs.org,$2a$04$Iw3zKW3Q7tRMAQjydhxN/u/slefiUaDOLPqans./f7xD38zPw5JTK,1,2026-12-10 11:58:08
a1059b47-3424-4684-8d79-d0c2f21dc552,Federica,Schrieves,fschrievesy@reddit.com,$2a$04$1di8RtJTlC/PtxPhPBldo./63AUZyaVZbW3Y/LB8GMunUsW4dlwHS,1,2027-08-07 00:46:56
9dbc6c76-5db0-4d94-8356-9a2f0ce108e0,Paulina,Rasch,praschz@scribd.com,$2a$04$InHRAY4RdHBNqSX.3anFxuEozpdWyrEUjVHRCEgqE6QKrKaLS0pEW,2,2015-12-11 15:56:03
717fd795-8f04-4ff8-b1e3-e7fa9162eb1d,Blaine,Curl,bcurl10@usatoday.com,$2a$04$0Ao1LxkALlu9Hwe.BLPK/ePFoMAPXaYRgRdRnIlF.GbOcnkNCBtXK,1,2022-10-05 09:11:41
bc5cf141-3e1c-48e9-9102-b9e199ba4135,Jody,Iacopini,jiacopini11@washington.edu,$2a$04$LUOGnAbPXZeV00Ooe0XFruA4etteX9ITAkG7hvWfGDedaf97Ca.fa,2,2020-10-07 08:04:37
7a6e48da-d62b-4086-9153-8a0dd40be183,Marthena,Wytchard,mwytchard12@mayoclinic.com,$2a$04$sGS3XRXbNjMzueohMOhDXeFSMUqhE9gpwG1ude.DlmlYVulgDjmAi,2,2029-03-14 15:12:50
6c741ac9-7665-4056-9a48-caf8883176c4,Forrester,Bootton,fbootton13@fotki.com,$2a$04$zSYa/qCbo3B5mUo5dJMKtuaCGBPhQ77uCGX1E4CjbT8a453rqlN0e,1,2023-03-07 18:18:09
53e987c7-a9c1-4f41-9302-01cb6f670c15,Ingeborg,Benjafield,ibenjafield14@webmd.com,$2a$04$AFMe6ZLAZm2n6XPiYfolTeSdRvuBVe6wNWu/Uvo2rnW/M.euiaOee,1,2023-01-28 06:56:41
cc38a195-5caf-4fd5-91ca-f9e34041f351,Gearard,Tasseler,gtasseler15@yale.edu,$2a$04$h9OJYUWy5RsV33UDPdujIeBraKnQp0kDKpTk18I6ubNOwWxmUwxoS,0,2025-04-07 10:00:30
191602ab-5c60-4b65-94dc-54002dda2678,Pansy,Ancell,pancell16@toplist.cz,$2a$04$IYub7fBUwAXGW4LIbFg33u3J.x0pg9qgpK7ZQJIGfIyG5VTYdZPFO,1,2022-01-17 07:27:57
2c727d91-4726-4b58-bb97-fbfbd2aece80,Jo,Hucke,jhucke17@php.net,$2a$04$p2iKhyJ1wtk1.7iV2i1Z.OPBZcf/SIrxl.Twi2fVx7/gmj57/HTWa,2,2030-07-17 19:23:01
64544637-7279-41b3-baf6-7a903f2f88b3,Netta,Milberry,nmilberry18@census.gov,$2a$04$ggqNsW4lIQPwciSJH0QxVuoQWQ7/zSatDcMMAKCMrKVuIkPOxng6m,2,2021-07-02 07:58:05
4434a319-063c-4a19-972f-28616e6c064c,Bjorn,McLarens,bmclarens19@amazon.co.jp,$2a$04$pZyo4xW3.LgNezl1hB3MR.79NZ2ujXQMVfogPX9Iv34tKdyNxyHD2,2,2028-05-09 04:02:29
f7ae8e5a-2676-4348-ac33-4390b6d5150f,Brit,Blenkinsop,bblenkinsop1a@bloomberg.com,$2a$04$IH/XBDgfzqw2KxxQSWVdmOCbZmMjjqEgF.zr./txZsNFxkl8kP4Fe,1,2017-01-25 12:35:58
326dddd4-e806-4e6c-b136-e6f8391c6d89,Kingsly,Grasner,kgrasner1b@howstuffworks.com,$2a$04$1qywYiDbCsDwi0VosaOeieEYy99bnlMPP3svTuCqKl47TK6w4V4d6,0,2022-02-19 08:26:20
261e74ca-133a-4db7-a0df-297d80e726d7,Coriss,Filipic,cfilipic1c@samsung.com,$2a$04$1CPhkWMXhFKJiv/3r6pu9OChbiXAo2UePPrxejJR4DEFxjYxzt9V2,1,2019-09-27 10:53:38
36cba78b-f10e-4e43-8b5f-a668f3dacf94,Callida,Bushrod,cbushrod1d@newyorker.com,$2a$04$Gvi5GorM9139pRes.nVc5eUnU/WqNRO5uvF26fnDY6RrCcvFqJprS,0,2015-11-15 19:36:14
9e62fd70-3494-40f6-a74b-d79a23f11909,Sasha,McIlmurray,smcilmurray1e@discovery.com,$2a$04$51UCzKt/Ktx8sn/CGfx/MevzqIR80ERanOgIrwtQSNGSHH2uJzxr.,0,2024-03-29 09:59:03
77528021-8e42-443f-b92a-26a14f073175,Kahlil,Heaford,kheaford1f@sourceforge.net,$2a$04$BCokGAKWrerFjdBEIInJU.i.icIuOb5./juXS0z6wYuftbqm0N/1i,0,2016-06-25 03:36:26
2128aa27-1b48-4884-990c-82d950c5ff41,Maurene,Woodhams,mwoodhams1g@joomla.org,$2a$04$25g1ooXVziuXQe85XLos1OLlHtNC8j54Ap2JL0COk3Gp8TguWspnm,0,2016-10-09 20:48:43
38f52fb2-ff4f-4243-8cfb-d36c07c2cde1,Margalo,Reddin,mreddin1h@deviantart.com,$2a$04$ekTTuR1WRWdz7ZlqSyTfFOh5kKbD1wJy0NIs2E5NL6.ZPSPrWctGu,1,2026-12-21 11:20:46
513b749e-9b1a-4643-9973-ee99895a50ae,Alvinia,Zealey,azealey1i@bluehost.com,$2a$04$PVcdtlcFSJ27/E2sBx2IlO/cLdCEs4OIhJd5ncmD8dFqtD1wYGRp2,1,2023-10-25 17:12:18
df84ada2-c8f8-45c3-b971-cb9c3f62dd10,Katya,Kirsop,kkirsop1j@ustream.tv,$2a$04$HYg9l3bHs3HQOnvCDpLdceFJzdopHjMfiacTiY/BQvOFZ0.GvRFIe,1,2025-01-23 19:10:00
cc4878e0-52a6-420c-8980-63d202396fa7,Trey,Angrove,tangrove1k@hc360.com,$2a$04$inHSxW4ham3AZnDzrwbYve.OS3.S/su5enezHt9j1IKUtpXguf6QG,2,2026-08-22 17:12:43
5e7bba93-1571-4a87-9877-d110f10353a5,Vale,Lemm,vlemm1l@guardian.co.uk,$2a$04$r0Helg1Km67P84n1/wE1ROLClHCV/qT.vjZFEXPH69pltzWpj/l3a,2,2029-04-25 10:00:30
102dc1b4-0bcf-4b23-9ab9-172badc4ec5b,Walsh,Howship,whowship1m@yellowbook.com,$2a$04$hDwqdB5XpopQj2Hd/h9y6uD8LQNta6aaBfN6H46uS75JeRx7vEzue,0,2022-03-27 21:49:18
e1ad7466-9019-49df-8f92-4b96df1194d6,Kalila,Wroughton,kwroughton1n@howstuffworks.com,$2a$04$WLpZWaDmPbivT53Zl3GsV.2hwn4hobAca91VvBNAeWFcxjvgrBFgu,1,2016-04-09 22:36:05
49bc277c-8c63-41ac-9501-88348f9c08ef,Jarret,Acreman,jacreman1o@ca.gov,$2a$04$PuXzl2Q6HK0g1k.45HYKiOIwkKHE3qx1qT5LCtsfM4YhmvtNJt3re,2,2019-07-23 13:25:22
593123a2-bc82-485a-a04e-1e22441b2d24,Cristobal,Espley,cespley1p@dyndns.org,$2a$04$QKtoEV1QM7hGAbWDz0K9pu7ZK5xO57xL8oSlNvw7Q0T4Q7G40uDfm,1,2020-02-03 19:20:48
709ac3c4-3a85-4d69-9c14-b9b12d89b832,Gavin,Westby,gwestby1q@toplist.cz,$2a$04$sWl2GR6OUCh1ijxIZS5Ru.vYNmlDr9.a4OEkQzxiq/iGUxciZk6Ce,0,2023-05-25 00:11:32
56200680-839d-411d-8c77-e63d2b81a8d8,Amory,Grishanov,agrishanov1r@google.com.au,$2a$04$S62CFvxYqTriIVk7N0oxduha3QCuIACa8Z5BxXz3UZCI1iChitYtm,2,2029-08-19 20:12:41
4878d75f-9ec2-4d27-8e30-b7c3dbef138b,Land,Thew,lthew1s@fastcompany.com,$2a$04$pA5IShbgbwv5UiI8iooTXePrytGXy7GhenLMnWBCSEF1XdmV9LvdS,0,2022-01-19 04:54:18
b95b2f98-d430-435e-9f85-123d69a7d298,Zelma,Cawdery,zcawdery1t@sbwire.com,$2a$04$zDRnRQ495Xea5vzuWFQA/uF.p00xBSgrmYSanGCi.whRrEENzwOpq,0,2018-11-26 11:01:03
ea6494d0-0f36-40ee-9bb7-d47881441285,Teena,Smitton,tsmitton1u@shutterfly.com,$2a$04$jffx33a7EhSuM3WUdpqp5.2IlXqm0DWN02bAX8LI1W1/JfffwBOYC,1,2029-08-17 15:50:31
b6aba349-c99e-470d-b554-7592a9ed1249,Westley,Mardling,wmardling1v@addthis.com,$2a$04$jiQeLKmMRkrfTS0b0BAJ.u1fOXsL3YUim9V0OjkFLrvusKz4xmwle,0,2024-10-04 05:38:55
71f859b4-9def-4923-9a10-84cb583bd8f5,Alleyn,Peasgood,apeasgood1w@webeden.co.uk,$2a$04$sPwUWzGeA1aipf2pwx/f/OEC0RDg5ZFSTp.b/YWPLTqWnWGDp.4R6,0,2019-12-23 19:24:49
b90ae826-d157-442b-9915-357b5a188c02,Marie,Children,mchildren1x@cocolog-nifty.com,$2a$04$UYFrTjYoazWoAFREB6cvu.Kc3q.ySQ4Np8lQOXEN4Pu.HvzbqCtWe,2,2024-12-30 02:10:23
07e8cae5-963e-456f-85cc-7551a6481943,Merola,Barnsley,mbarnsley1y@usatoday.com,$2a$04$FcAzsa7cdh/vtH7UJqUNuOS/X/el01YEc08sp0RkUQS0bbDmN722i,2,2018-09-14 13:20:52
af4861d3-42ab-4d55-a461-e5dd79b55c73,Maurice,Paulig,mpaulig1z@biblegateway.com,$2a$04$6eXqpwEQ/81ouslE2NPPeeJdSVsQaJ2t1qBNqVCzNe9YlnCXZV8vK,0,2019-05-04 06:18:44
834af7aa-3418-4a96-870e-cd4efd87a39e,Sherilyn,Nealey,snealey20@jigsy.com,$2a$04$eYFH1I.udR8PFY0i1v/8ZuTHFGTAFQbYaNjlkrGGJk7z6.S77SR56,0,2025-05-03 10:20:45
1dad5c1c-ba32-4a82-b107-5284390073e6,Taddeusz,Howselee,thowselee21@intel.com,$2a$04$Z49KBkFT0OalQH0jZyHZ7OUiPhdij3BsGw7M.vepHyPp.U/kaj8Z2,0,2029-03-28 10:38:48
75681fa7-4ebc-44da-80db-9cfe334a3eb1,Edwin,Jellett,ejellett22@indiatimes.com,$2a$04$ZRfZ/3io.squI.2IcppjOuBXm.BVL42cT65GWxtUlqqHt3ndCFj6m,0,2030-06-18 01:11:29
b2f99685-b860-4018-ad87-51cfb5c58fd3,Cathee,Mathie,cmathie23@wunderground.com,$2a$04$CW39NepIc6wa0yZF3Nt7TuFU26lvccXiAvfIIbqB4BRhWezptVY6.,2,2021-09-15 11:54:08
45904942-b8db-4a99-9870-7442b1163594,Shep,O'Scanlon,soscanlon24@g.co,$2a$04$ZpQk3aH8q3S/tJ88J8CTS.rvvt4CZSk9H42DRT.8Cu3tQt9HKFH6u,1,2029-05-20 10:23:42
2314921a-8ee6-4a00-98a3-6dce2dbbe5c4,Nappy,Bellringer,nbellringer25@aol.com,$2a$04$0C5F9JOIDCFAPsQTnQ3NSOJrO2pF/VyujBgQcY20OYILWA4CmCsD.,0,2018-08-05 03:23:03
59be0473-626a-4e08-b0bf-69ac6f1a859e,Ludovika,Fansy,lfansy26@drupal.org,$2a$04$AcDRac0tYYIf9KX/G/GQA./tippP51kXUu0w3E028RPFwix2dWVNO,0,2020-08-20 02:15:25
2de2c6f5-6847-4d3c-be46-f4540b01d86d,Sky,Berthelet,sberthelet27@friendfeed.com,$2a$04$9lxD1RLDSjLh2mhiSaUr1ujYMxokOmnvz7S6upBHbX8PCr0hos3nW,0,2022-07-20 18:04:49
4011f2c9-a610-459b-b59e-59a239144ee8,Raff,Konig,rkonig28@wordpress.org,$2a$04$fTolyflyrbMupzDx2NrIe.FaGTpG0NHIv2yz1M8dIZyg7/1kOiDMm,0,2017-03-14 15:05:36
1fff8c13-a0ec-4063-a2ff-f809c8012023,Dee,Popley,dpopley29@newsvine.com,$2a$04$l.kzOp98F2Jwktl4hNNZnOXwGHLSrFM0At8O/3.2vYOHsLay5lfi2,2,2021-12-02 13:53:51
ad3d0109-3abd-41bc-82ce-7b5e71f7b315,Jennette,Biddlestone,jbiddlestone2a@bravesites.com,$2a$04$t/uvbJGqCQujjurjaCDO6.H4QSU1NhoU79enVxxsAOb7h1uhUUbhu,1,2028-11-07 23:16:20
02fb4f0b-d67d-4aaf-9f79-b147a742bb96,Jarrid,Ambrogi,jambrogi2b@webs.com,$2a$04$dfiIXubcUF.ocZtyoNPQMeC.TRoAaU1xkfZ3ZDlCon3MnImPlvH5i,0,2018-02-11 10:39:12
4c73e51f-be27-4b9a-9ccb-4cb8046340f4,Artemas,Matiewe,amatiewe2c@wordpress.org,$2a$04$KaSh87Dx1jn79xtI3kqiCOXyXkEv81NDLIB0SVNAhkxJhEwF.wWsu,2,2017-11-28 18:27:10
a5494819-a5ca-4116-80bb-d74e47eaba8c,Carmencita,Monier,cmonier2d@aboutads.info,$2a$04$FcNvG6AI6bAqoBVkYyRadePCS0m7hRS1QH4C3cEJRQysjbGZydapG,0,2029-12-22 16:14:46
05cd9f3b-8ca0-43e4-bf19-619911476d6a,Yovonnda,Connew,yconnew2e@trellian.com,$2a$04$1zdqfGKVFjHZm3KzAfFEcOnzgeYKAci2V/kxO/QeKoi0kLMjh3mBe,0,2026-05-27 04:55:03
68302630-fe3f-4d9c-890a-01152705fc82,Lon,Newns,lnewns2f@com.com,$2a$04$XC3wgHEPu1MHtjDbSxOO4ekR3N68SOWRhpAZuZKGyHumaTpXnqzZa,2,2017-10-03 17:59:46
2748689a-0925-46ae-a4e7-15304eec8adf,Dorie,Armstead,darmstead2g@dropbox.com,$2a$04$miTXkxMOXTUgcQqR1KxM4e8J98kaeZmCqWjIAKHfYsCb4Yr4poguy,1,2018-06-18 17:15:29
779760ee-ba0f-44d1-94be-8dbf4bfe2fc9,Rubi,Lambotin,rlambotin2h@alibaba.com,$2a$04$l.i1T4w67lnrMSV.24BFoO62./LC4Ko3qJeDAt4LE/DmWGZNALynO,2,2028-05-13 05:07:33
cd9eefaa-1bc5-4846-825b-189b3e972d19,Rubina,Rolland,rrolland2i@about.me,$2a$04$38wpzjg.qOhKXwDTzleAlui5xb3WMwnPYIQTh2NstUi0jlT3FEhnS,2,2015-03-20 17:44:01
9079f050-c6be-4fb0-b68c-884ce44c24d4,Pansie,Eckhard,peckhard2j@java.com,$2a$04$6wPs5UcvK9xus13r/YFzR.NHylahMQSTBE4cjBjv.5ONDcIxcHIry,2,2027-05-14 18:17:02
f65884cc-d8cc-488e-a0bb-1cdfee3f6d7d,Kerrill,Franscioni,kfranscioni2k@newyorker.com,$2a$04$1mBPJn1BcZtDS7aTHbJrGOvtqyWVugOL2NKXDMrWnte16AIbrx0y6,0,2025-06-16 21:53:30
9df016b8-9ddc-4c3d-862a-25dc19cfbc31,Perry,Hingeley,phingeley2l@goo.ne.jp,$2a$04$8Kit/vPOK/w6806PIxjioujMIKfyFpY6gRNQMzaiV4eWpxM6kI7mu,0,2023-10-25 00:10:49
18266260-a8d3-47e3-ba2c-4828175de20f,Kerk,Trevor,ktrevor2m@ted.com,$2a$04$RmMhtOnO9g03LA4UGuMFQupT65vynnzUKAswqLDOiPIOQiyOuLtMm,2,2029-06-26 23:28:24
7f84d563-1932-4d4a-9a77-cf34f5d75d84,Danna,Donavan,ddonavan2n@goo.ne.jp,$2a$04$eCh4/S4oqRrsyYygBp5KVuzsFt9TUy9S.y/7k.Fg9EH8bZlCPKAAC,2,2028-11-04 03:59:18
eab42ef2-4137-4658-a55d-cc8e61955927,Sloane,Pratte,spratte2o@naver.com,$2a$04$joIXhsG1A0l62mQnJXLfg.LIyTfn3LnCT0Xwddphlx9wJq9wkpwEa,0,2030-07-12 07:39:22
813ea343-e2c1-489e-a86c-9b22943d3a85,Gertrudis,Raraty,graraty2p@un.org,$2a$04$fvLrf2QhZS/wbK5ZqrSbpulT.GwaZOE1TES1ls.j4DEiP0Xjkzs9q,1,2024-05-23 09:01:58
8d042022-b2ce-41a9-9af1-b1ffd3738731,Katlin,Brunton,kbrunton2q@mozilla.com,$2a$04$cGNAngTkXRdZL.op9WVFzeYEpk4sN5wMn.RH9b3T58AXLFDOyQ4Zq,1,2016-02-19 07:18:25
ee31081b-9a14-4e43-9aac-4963cc7a0ab9,Jayme,Stainfield,jstainfield2r@blogs.com,$2a$04$WKkBQbhl4Lf7VHZ0hBqBo.bHUugT8YSXnD0fq5GVY/m3UiFH2s/.S,2,2021-02-15 03:31:54
04505bca-dc00-48eb-b7d5-cc11d96480da,Fonzie,Jantet,fjantet2s@vinaora.com,$2a$04$e8BtW.IgCcJt1DZ.X4PVwOytLv2nFj422QXZeEIK35EMCe8CKTp5y,1,2026-02-14 13:55:13
fa0e9910-1dba-4b78-9625-9f1abb07d15a,Clarette,Etock,cetock2t@hexun.com,$2a$04$am4Rd.i0IrBICvH27wpeJOstegrpNl6j/Ri/A9h3MCBagDg3TAT5m,2,2024-08-29 00:29:52
1fe1f40a-91b6-4370-b5dc-7ceea044d351,Audry,Steptowe,asteptowe2u@spiegel.de,$2a$04$GCLZI6PqSv6XXNDr9WT/POT022bh8yTWvLlaLVy1.7Y4H3ecLjPga,1,2025-01-07 22:50:35
d029a5fd-7f5c-4b83-9c80-769c05145048,Rolfe,Blaxland,rblaxland2v@toplist.cz,$2a$04$5TxyBzmHsOVKtBw0ELZ6H.3XReyKp/cZ6EYJKxFClaBSEUjUQWZsC,1,2015-03-13 05:39:53
a2b6a8b8-60c6-4aa2-9761-672e3c9e42bd,Moises,Ellissen,mellissen2w@google.fr,$2a$04$gOYRlb.aNGm/144fkVyJqOGiozaPqmSQX8eq5JueNkuJfpEfdbt1.,1,2018-02-24 15:38:06
4e158b25-b14c-408e-beb3-716860820ab7,Nichols,Staning,nstaning2x@cbslocal.com,$2a$04$XvktQb2mChHqcueJar6hLuiX/8w3upNj0bEJ3o0je7MdNTnqewd7.,2,2018-04-11 16:41:36
fd1db441-f540-49d2-ba4c-179fe7e6073b,Lotti,Porcas,lporcas2y@gravatar.com,$2a$04$lOuXNgGYkov5UoAliUF28.Sbgdg93G.ZIlyeqVnkPgqQlXvP4RO5S,0,2017-02-05 04:01:11
f71c5a95-3316-4779-95ff-039303701bc2,Leif,Wiggin,lwiggin2z@photobucket.com,$2a$04$TE1MqMa7JqQS78D3s4OJV.pJVoK3/yey6.D2JekGUz63tcTCZLa7G,1,2027-11-09 23:40:04
9b9babcf-b676-4e3e-a865-31000d88a0d0,Abba,Minet,aminet30@slate.com,$2a$04$Uv49xvQCEmvfTtRNoFUq6ODIYS2X95Vhlpe5LG5ariPSyHX9yUXju,2,2024-11-06 23:23:50
e6fcbaf8-d27b-4f93-a5e7-51d0cadee20e,Vickie,Fassbindler,vfassbindler31@nsw.gov.au,$2a$04$ObipXp7.Sj5qmphrlC5.KOliJenQ3nmCSlsSXKJRbsL6U/z3wUBjC,0,2030-04-21 17:37:56
53689532-5dca-44ed-9600-4846a65e8b92,Kaylil,Varian,kvarian32@skype.com,$2a$04$DrDWOC/SFfQh0JhKtve8KeOVavsijYcirQaQNdclFXVMvmDB36e/2,1,2016-05-03 14:12:34
781770fe-dc87-4e33-b841-d9ddd4a53215,Kiley,Durning,kdurning33@nbcnews.com,$2a$04$fvVZTuuPEVWY2.MijUoj4exPEUBaUJKv96YHEbg.TEtwn72hyPA8K,2,2018-11-03 01:45:06
185eab82-0d9b-450d-b776-5b443465b827,Blakelee,Pile,bpile34@prweb.com,$2a$04$nIVYbWOJX4UvfiRpM7TEl.Lo9CgdcA59bpj2n2dTzwm6m3GDfOzKC,1,2029-08-12 04:10:34
f9121fc3-2281-4097-bbed-76b6b2809107,Mikkel,Mairs,mmairs35@techcrunch.com,$2a$04$RP65Lnp/p0ZOdqDOilwXw.6jEEWIrddqfSPb7/byBEfmJ79KauNrq,2,2020-05-02 07:19:39
dd973869-ae05-47ff-97e9-013ed993d3d5,Dom,Spick,dspick36@tuttocitta.it,$2a$04$L5xWJTRhq2tVNcZdK1xBsOknuudvpjT64Chw3AaersTqiEtHTYLda,2,2019-10-13 19:57:44
f74bb629-3d71-4a5f-9fd7-ea1479c22dc4,Sydney,Kimbrey,skimbrey37@shutterfly.com,$2a$04$NzbzcLlCIWXbxqOIWHGBW.rWn6zdawDJ6Y6.Ahz5cRBjGli6yiBRe,1,2015-07-27 20:51:01
340a3589-a419-42c1-9924-0da2beac57ec,Elsey,Kornacki,ekornacki38@geocities.jp,$2a$04$qo/iC9tO73gvr9ggdIJWEuVQwK7OTlOy5GBNDMv6cP7xfmjl0UAS6,2,2017-01-07 19:06:25
bf152bf7-6061-454f-bed7-1e247ee62e0a,Robinetta,Bartley,rbartley39@netscape.com,$2a$04$t1ohHqsfW5jcPr1VKGJ27u.tGB96rhM4XtA4F50ELWJg2Mj/3XAiy,1,2016-09-30 05:06:40
26b7e0b2-5623-41a9-a728-ae5fc1879446,Katrina,Formoy,kformoy3a@constantcontact.com,$2a$04$aJLV0DpNXuJ2f8xH8tps8Oimr2oUKvl9SlnGlSmqFDWN8/.lwtbIy,1,2030-11-04 19:22:44
7fb90a38-2b28-45b2-8521-41a6b4a5caef,Sterne,Palle,spalle3b@berkeley.edu,$2a$04$uZdSjffJ2LeZIxLdS/TJyuKeAIjLOhiQparnaKjIOwggqruoGdgCC,0,2015-03-14 12:02:59
d3366db3-6023-4480-a9c4-a106c4a7ea52,Claus,Goracci,cgoracci3c@feedburner.com,$2a$04$2TlsD0JyBvCoSr5XwncXnum8QcwA0ZX6x/TFwS3zwoOPCh6FLPDVu,1,2024-08-28 17:56:58
7e2526fe-f1b2-4f4a-89f4-a22a6a5f603e,Joby,Jarret,jjarret3d@weibo.com,$2a$04$rvfI1mCe46LiY.7VAemXyOnLBKx1.3YgR.z/BnMYweMltVu3il0Ey,2,2017-08-09 12:25:06
f3d22ad2-e990-413a-aa4d-68f0b262c9d5,Melany,Moakler,mmoakler3e@fema.gov,$2a$04$OZy8L97YeTsUDZs.xxYTLOrz3ky4RKQH8O7ttrFC7lSpidYRFSLPS,0,2021-05-07 17:43:08
5bed4ed5-24ad-4b39-9d3d-cb1eeb5130ef,Yasmeen,Nottingam,ynottingam3f@twitpic.com,$2a$04$DMX3vRSkz.RIParOdW8Fb.WRElocy32pGHBMNPXouoJrNKCl7JcOa,2,2029-05-13 12:34:06
dc85226e-676b-4d11-92b8-de3fc2ee4198,Wilow,Heatly,wheatly3g@google.cn,$2a$04$3OX8gkBuPKVO6dgTrYlMhe8aUDPJyTRaqrLX3n78ErM.PnJRkLjNi,2,2025-12-10 17:00:43
2c71ad3a-823b-40f1-a1c7-4dccb0140b33,Eudora,Sango,esango3h@google.ru,$2a$04$Y8r1DSAIpG1iGWY6BNVM2e7LRm/doWy/29QzyWdMV8PUbNDYg4/by,1,2015-10-21 04:35:20
1a1d7b6f-d615-4aa3-8453-ad786761ea1c,Vivien,Tatershall,vtatershall3i@unc.edu,$2a$04$AYljlJNzzoYFZ.ea9G881uoxOY1HDN1Kp1mAPXILaxSdkzn76s/Ku,1,2026-04-03 10:15:08
1b944484-2570-4fc5-950f-ac377f9c5d73,Nat,Chestnutt,nchestnutt3j@sun.com,$2a$04$P9JsMmu4Rkb2Mjrlpe0dKeAzSr6zM1cLI4P1zTOqUKZm9T2DF0v7C,0,2024-12-01 23:44:56
3bca196c-fda3-4a76-8dfe-a9de3d773701,Tessy,Gillfillan,tgillfillan3k@lycos.com,$2a$04$tc8aa9QjPjtBDf3E8tsOD.t5CWN8Py1/TJvrOpQd1YHcW1KhKpVuG,1,2024-10-13 15:19:53
010d742b-a3a8-4117-b5c0-98d80aeb59b6,Forest,Morriss,fmorriss3l@w3.org,$2a$04$qTsd.unsQ6y9YOWHJb3rp.CruNwOJxIEE/DuEkFz7nAIM9x36ODN2,0,2017-08-20 05:38:46
d342eb53-26b5-459b-9681-ba41cb52c10c,Tyrone,Nowell,tnowell3m@webs.com,$2a$04$nCWcuyyyjngVON6fZsH47.PdVejuFysZCmXAuAZNOnufahBt/2Wkq,2,2029-03-11 14:04:50
0a55848a-bb73-45f4-b254-2006cefc4cc0,Abagail,Cudd,acudd3n@theglobeandmail.com,$2a$04$LMgNoA72fx0wJzNsDCGQ5O.kMqz9H2IhYjw8le2CUaXFEg6Jgxg5W,0,2017-06-02 07:05:52
33a384d3-9ade-45e7-84b9-b632eefcc07b,Meghann,Hellin,mhellin3o@paypal.com,$2a$04$70z3c/99i.9IcQZ.lYSNi.dB1.hNY2N0NX3G9w6L5FUcGN440r9XK,2,2027-08-05 02:37:34
af0f04b2-43f9-4909-a4e1-05263c2ab4df,Johannah,Geaveny,jgeaveny3p@businesswire.com,$2a$04$Nx5hA4pPkvBenHYUGjP92eCiS4Pjf827ITWZ3SoitH/0R1pE3hyIW,0,2030-09-17 20:26:56
90104242-055e-48b2-8189-2fe838a533fa,Morissa,Golagley,mgolagley3q@issuu.com,$2a$04$x6gxcFET2h.JZrEGC4pHPuJxDcJ2FcvQt9DjalRt8hy4hleQmoWzS,2,2019-08-13 02:55:58
3f8e5cc7-8273-4536-8cc3-5372cc1d53b1,Lazarus,Giacobazzi,lgiacobazzi3r@newsvine.com,$2a$04$81BFIOLROnuYP9aWAuH1F.hbSoQWunxMBsU4TqGiUoxx3swcIkwkq,1,2029-08-06 06:57:34
eb3853f9-604f-4d0c-8353-09e179a52cd6,Michael,Glozman,mglozman3s@berkeley.edu,$2a$04$IalEKkap2GIke34/0TT0T.4A6vZ/SWYWRKbQYlRlYy/h3mil5To2e,0,2027-03-14 13:50:04
4672781c-7f94-479b-a43d-9919269fb2e0,Kevan,Arent,karent3t@fda.gov,$2a$04$4HnDNVhJmcGPs6Lpuzb1NOrJBaXflHLSjbNq10.P9sa/yj4fvcXxS,0,2022-06-13 06:24:53
21b44c17-da6e-421c-96bd-434fade758e6,Kass,Bougourd,kbougourd3u@bloglovin.com,$2a$04$aUOwml9FxN1e25IJTpagguPYCUb0otdiA2pGDQX4pgCRwJ6zpD4qa,2,2020-03-06 00:17:56
5efc8174-ec15-493f-99f6-8876c71b5f11,Hannah,Cosby,hcosby3v@weather.com,$2a$04$sngqt.BdAeV9oWtKnWMB8.3MQOenWB3sA8jIgfWpW2.g2iuZaNXdu,2,2017-09-20 21:45:05
0967e9d3-fd45-417d-a94c-242ed3a099c4,Isidoro,Juanico,ijuanico3w@netvibes.com,$2a$04$W81L35TePDwCFsEPTOjEz.cjBzgioqI8taOlnxB0XX2eXdTy.mE1C,2,2026-09-04 04:06:47
c930cb4d-55ad-45bb-9349-c73be4f02ce1,Lorettalorna,Kuhne,lkuhne3x@gmpg.org,$2a$04$zuo5wefKXfTI9QZLM0vWnObYOs9lClzc/9tFcByLBI51wPKEcP1vi,2,2018-01-08 02:05:17
31ded3b4-b0fa-4341-bb15-3f46e2a46410,Lavinia,Kermit,lkermit3y@buzzfeed.com,$2a$04$.IjzxsH9vtc6c0LTmK8vpuNS57r1kGZt.kHVd/30dFJjU61qvRKj.,2,2021-02-28 00:40:40
e6f0df85-b3bd-437a-9520-98f951d0b502,Vivie,Bettington,vbettington3z@reuters.com,$2a$04$EuVTz4Z0Nm4ERta4WwALyeKl88OHPrpoANWbO2hDOn15rT5hAjTD2,1,2020-11-16 10:37:21
b2f66db5-3174-417e-ab6d-daa0eda6ff5b,Nelie,Archley,narchley40@unc.edu,$2a$04$qNG0NCYUfVJdvVEevC5d9.VJnHzU.b4mMMwo8N4EA8.XSZK6aa5a2,0,2029-06-13 09:34:00
08bef96b-5003-48b1-9920-804edcf2c6b1,Marabel,Gavaghan,mgavaghan41@rediff.com,$2a$04$3yfzGO5bM4BsDjSlUz/Vg.vQTZbA8KgVO1vRF0w4yWX7qjQsBW95W,0,2019-03-27 09:13:33
b3937392-1584-4b56-8e4e-b6bfd9ec1724,Buddie,Delyth,bdelyth42@auda.org.au,$2a$04$zMzJgFhh5LThQXVMqO0NvOgHeWWr20Q2eKoaA2IVpkre0sBVUni8G,1,2028-05-07 01:16:46
5fd732ab-65a9-4ffd-9659-284ffc1eb500,Amata,Fife,afife43@comsenz.com,$2a$04$8sSso/4TzCx57whufEcJe.67olQae7nL6WIbFnAAaOFSxRbUl0fc6,0,2016-03-09 05:44:09
49af1945-c328-473d-b649-ae8614080dd2,Allyn,Kobpac,akobpac44@sbwire.com,$2a$04$I49Q/2NVAjzY6kXEEJKeP.psERPEKum1CK10kdOUyxd1xuROCV1Ua,1,2017-10-21 23:20:13
5b08167b-5eac-4e46-a1ca-d52c078dbd8c,Vaclav,Bellward,vbellward45@tuttocitta.it,$2a$04$CAUEz71Jrwf7eyA7fvCW3eGG.THh1JgT/mhQwgtFh/kfZRM2K.m8S,1,2021-01-06 02:04:33
bd5bc2a8-ad75-4b94-9095-202d87006e82,Darbee,Annott,dannott46@google.co.jp,$2a$04$JUB28Npc2UXweXrEKhu.qOh330uxDixK5OHv.4UHUI/rSW0IOdG/q,0,2019-05-13 16:41:27
76722e0c-562f-4dd8-9770-985f13e46e47,Shelli,MacAne,smacane47@columbia.edu,$2a$04$jkzRFrcVW0053Miq6MH0xeN0KmgF/WSv45HlMdIqxC7iB7IWeB3ze,0,2027-12-24 06:51:30
62349e55-4fc2-49c0-9216-b82f4ad7fa3c,Alisun,Traice,atraice48@mozilla.org,$2a$04$ET0I7n1HzGJluk5PRRnmAeNGh2/zagmhAGwGBtBNIwPpZhYFIdDDa,2,2017-12-13 08:56:45
356aa246-00c4-4092-ab76-33261f5bac4f,Bevin,Hazle,bhazle49@walmart.com,$2a$04$uZ6sbCxnWf8QO0lmBEILf.8dLqahw8SEiO5F2I0AF4J.deZfWz3D2,0,2030-02-27 15:23:27
b158128c-0a42-49e7-af90-6d306d740d05,Hally,Garnsey,hgarnsey4a@wordpress.org,$2a$04$5EN.URux6Uqqdjhf64UkMOJ0qBNf2bZNspzOYK7ZD6idvpcT.nFXe,2,2029-02-22 21:11:51
a2637ad1-26a6-4fe9-8121-f9a85168eac1,Loren,Guiness,lguiness4b@dailymotion.com,$2a$04$btn45w8zL.oZkDRg4W3qweUBTPw/fi0jZnbk5ZMX6PHuCMRgsJCtC,2,2030-05-31 13:04:16
1e6447a5-695d-4c38-aaff-5ded571130ab,Buddie,Pestor,bpestor4c@linkedin.com,$2a$04$WnQbzR4DVsNcEicC/2KAze14L1ONMNwUZoT7j57P..2pKIlJN72Ra,1,2016-03-04 19:18:05
f8226b3b-58f2-42da-b800-0c42461de6c9,Micheal,Dumberrill,mdumberrill4d@microsoft.com,$2a$04$7dTq1Zib4MVzKND4uuwpyePnhYZ9K8pePyt.nPlb/ZdwraoiCihw2,2,2030-04-15 14:31:51
e924a205-d03e-4ef1-9714-697be7a70b37,Tobi,Brimfield,tbrimfield4e@state.tx.us,$2a$04$/k5l4YEUdgw2ro7OVFnmoeozplBzp4kuVtdFZWgAjQPLj4HabzF8C,2,2025-01-28 02:23:57
262ab043-7a53-4148-81ae-2cc058cf1ee6,Donna,Leall,dleall4f@oaic.gov.au,$2a$04$hAj12hcH0FcpHMb/fBVZ5.yV9Drc280NLzQixW1w07CwIYuGBtR96,2,2030-08-05 02:59:04
14f8736d-302c-4103-93ed-ae2438943d0c,Sibeal,Fenich,sfenich4g@bing.com,$2a$04$38FKb9d1Dt/vrnj.Py5ZlOGkV2vmPFzHoO6cCpihyU3gVJMOCbvcq,2,2029-10-16 08:19:32
52f83579-8832-4280-8b92-78b4e2b142fe,Wally,Rumin,wrumin4h@vk.com,$2a$04$v2MvfLI.9tMHOK6AdwkB9eQ39IEimfrVgBr42ko0w2rm0g3J8ewfe,2,2026-08-30 11:36:34
d48d9fc3-e06c-4d0f-a5cc-a399127a34dd,Vincents,Simony,vsimony4i@delicious.com,$2a$04$AlQ5B3KOBGB3U8A3CMnpB.udHFzOJ0rebT/hSY39QBqoI8tTHWWQe,1,2020-05-22 06:17:31
f881f073-208d-4bc4-bde2-b2c90299906a,Farah,Ivashinnikov,fivashinnikov4j@zimbio.com,$2a$04$4HKQ/0X7i9Yy9v2YxRiEOOjUT4aAU1rSZF7qfN8u4yOK34C11Fdf.,2,2022-01-27 22:00:58
f2dff1b2-2424-484a-b66e-ba4b012693d1,Yetta,Niaves,yniaves4k@nifty.com,$2a$04$wfzcuq2qH/w9CkokOekGd.1f6MHFnIfSkiFL4o26TSONNBOwSCPb6,2,2024-09-22 14:02:18
821a39c6-f092-4f32-b0f8-4b342b5a3ed9,Hali,Gathwaite,hgathwaite4l@amazon.co.uk,$2a$04$KLnRlZzNSKZyS/lXOOP4D.MusadWwW7gMeiZmmFpbfG7EilhPM5V2,1,2020-01-14 00:06:14
4fae8821-ca55-4dcd-b991-4f23c6f22584,Burl,Threadkell,bthreadkell4m@bbb.org,$2a$04$jE7cN1SEFpaUP3y2S0XQWON4HscWsmu.I1HlOrdl5fxvnrIJW5wP.,0,2019-02-20 01:32:23
f936c890-7d72-4530-b3c6-885299aeaf07,Pearla,Sterman,psterman4n@bloomberg.com,$2a$04$6vRFduvP3NN6xqC7IXjq6umDbgSQoSWems8kBpRRAbZ8Kq4cVJI4S,1,2026-09-04 02:17:53
fec08239-c165-4fde-bf80-052c5bf1dae8,Abdel,Reuble,areuble4o@google.com.au,$2a$04$mT.yeGGTOOqkoZW7jdZ./ePqbjMXrMGDfQCLn1OaOLZ4uq30JCVLi,0,2018-08-18 08:44:30
ba3947f2-3690-4354-9338-2be7424e4c19,Jaquelyn,Statter,jstatter4p@nih.gov,$2a$04$EQziQHumFMTSg2lKeF3y6OOYWVvkOmBHJnCWYv316izmjcXZkqwZe,2,2017-10-03 22:49:28
588e6726-5215-4277-8a18-75ea76c0a097,Kristoffer,Kealy,kkealy4q@ihg.com,$2a$04$vrQw9om61zwDtu8WafJVAeQ1EsbjcAQ4vtVMIBFoBjduB9nYNIhQi,0,2028-01-23 00:54:37
b5e29e43-0590-49a2-ae33-f4f4fbdea033,Lethia,Linge,llinge4r@1und1.de,$2a$04$jePi9DGf0QJj4UuiO2nk.O7uStPPUQ.PymzcOK1YhVm1kZ7WXnQs.,0,2023-03-05 04:23:08
082617c7-c0d8-4542-830a-4ac4018b6f5b,Von,Huortic,vhuortic4s@issuu.com,$2a$04$bmZxTjbuR6U8chgkZb7jCOpvs8ApEXfI25my7JDR0BPKLba/sMLK.,0,2019-08-20 15:07:31
7b318a92-c501-411d-b410-653940f480c9,Bronnie,Basnett,bbasnett4t@vistaprint.com,$2a$04$naZmNcd1RZ3OKRbA8Kh4w.1O.dAaxqeK9Jt1f8mByAOw7he8cWshK,0,2026-10-17 06:01:08
866e1054-699f-4ab7-89be-32ea77cc5ee1,Dorey,Crocken,dcrocken4u@bloglovin.com,$2a$04$VMKobSZJ5ugqAH2PN5vDd.LEzk3fq9ClWd9qiIyd0ASHaX9pCTNJO,2,2022-02-19 15:38:48
315d06ba-4e3d-4e87-a9e2-52a0ad6de8fd,Elnore,Cantopher,ecantopher4v@addtoany.com,$2a$04$bbjhpJujTJJ.GFFTOa6B3u4jEyS1bqZzMpSTHMl9slu7UHSqJWQlG,2,2018-05-09 05:37:51
5b7478ad-0ba5-4982-82ba-1583fc6ce9ac,Adelaide,Espinheira,aespinheira4w@independent.co.uk,$2a$04$l0H3fa3nvmkjgSOIxxAHweEsdUh0JbN253mgYrsWGuy7RTFVDZu.C,0,2023-01-09 18:56:41
567f85d8-6d5a-4623-88a4-ebdfaf2ff96d,Susette,Wisniewski,swisniewski4x@infoseek.co.jp,$2a$04$B9OxqpjB0v.WbghvddbLgeXTzgj8uoPfQGmMJm2.B2mN7qth8mmcC,0,2021-07-29 08:42:26
229e860e-db58-443e-9fe4-8d250a17ca53,Ileana,Houseman,ihouseman4y@com.com,$2a$04$q9LQqO5noFJBNNJbZ8OQmufkQOz/e1utCTCp4OSwL5vseuRznxT.O,2,2015-07-19 17:54:11
780e3ed9-4964-46fc-a037-8f591db0d2c3,Tadd,McGeraghty,tmcgeraghty4z@t.co,$2a$04$4LtyjXRfrIZ42D7.E93KgeIPhYkrzcwzm4ZYbK9uMJFrN182GGxry,1,2021-12-07 03:20:03
8a8c60d6-45c9-4d31-a60f-b4d97c4439c3,Enid,Pleasance,epleasance50@fc2.com,$2a$04$r23AGd2DY45iWgF58cJS3eLNgWBjyLSbinzzu2Md7aR/LN6SF1z3u,2,2025-04-26 19:33:01
9ed7d0a0-1e0b-46ae-a82e-a91fe32811ba,Kania,Swanborrow,kswanborrow51@printfriendly.com,$2a$04$UdI97h8ZdbGuyrtvPbeeWeD4Jo5XZDtUX3ziUtovf7IetI83jZpHC,1,2025-03-29 12:47:42
6e282258-9312-4f47-9898-83de904b4bd0,Cary,Dedman,cdedman52@tiny.cc,$2a$04$NAyfCb8LpJCQ7KSTVHGs.umA0zI.GUSvurRFqnoUZ...Aqid9ek8a,2,2027-03-15 20:02:50
16f69ffc-613c-47d4-940b-ad81518c91f0,Delcina,Sears,dsears53@joomla.org,$2a$04$fyPjNLlgliEY8YHor5gU1eRH5862zQHunS5TSUFNuAYHxrc5UtSjW,1,2029-08-03 09:11:21
3dfb978e-04d7-4f46-a3fe-9ec666af345c,Gorden,Hudd,ghudd54@devhub.com,$2a$04$PDqChkUkZKLIQNgvhhFaEuK7W.ebGfhQSMeyHQ32RcGu8VP/9.vJ6,0,2026-08-11 05:03:27
416215b9-4c29-4f48-829a-b7d7871ffb11,Tonya,Slite,tslite55@t-online.de,$2a$04$kBcqxxvOlLBFQ4bDy1SuCuhIDV9wtOLjEHDADL.3HaKD0v4taBOXm,0,2016-01-17 08:42:30
c8d8560b-4e7b-4aef-9312-c81e5a682bf1,Truda,Sultana,tsultana56@weather.com,$2a$04$gIqamGUeGqNlc1PJp4AP4u7GBzyGXrewPQ5EvCT135aelsCNkcXRK,0,2019-04-03 17:35:50
74aee6ba-0934-48c4-80a0-03d5c8c2e8b5,Chancey,Breede,cbreede57@tamu.edu,$2a$04$2mDsJTyTlq/UlfAbV.aCrufDzQ8l6yG.OdaOj8D2e.p/2iafiIIIu,2,2025-08-19 20:29:23
75cab44f-df0b-4655-842a-95416d0fbae6,Lindsay,Lamacraft,llamacraft58@marriott.com,$2a$04$YbJ0o0l1Thz1xt0wwCxutu2Cnd5bq72WBc/vybKS56YrCMbVjLRBK,0,2016-05-08 05:43:51
14fb953a-98c2-4f90-a003-1dd360e61c62,Halli,Vere,hvere59@woothemes.com,$2a$04$lO9nq9/ak5d0pb3HgeC3fOGdgd8oy7kI7TOIdEcABwpSVafzYgsTW,2,2025-06-16 16:08:36
d867d409-8ef7-4852-8c82-38747fce7686,Nollie,Reeday,nreeday5a@soup.io,$2a$04$FRY3H1GGxw8y.l25PtmHceQfCWnGh.qcPK78TURnRCdqiD6g5AF6K,2,2023-07-31 02:00:54
06978ad0-aef2-4be0-8694-29edb065fedf,Conrado,Bertomier,cbertomier5b@npr.org,$2a$04$3Mku/bC8bYIEcNsbxLZAhOy0TjXGx1YWtnP08lzS83cSMDL4LekLa,0,2016-01-13 05:43:44
d7763614-dbc6-4430-a49b-de87b2c83e49,Lindsy,Joanaud,ljoanaud5c@mozilla.org,$2a$04$kDnSo5sLlAsyN8xBYj/39ug4pTBJhmmen5GbKLkAvPreXFw70zFB6,2,2029-03-27 16:09:09
14ea6b9d-4f96-419f-add6-5279f28eff37,Hamlen,Laidler,hlaidler5d@addthis.com,$2a$04$MkU1mm7SQv/d3JEx9cpjcuLUHAGUmscy6CeFBa7ksLu9KTuws9dIO,1,2016-02-22 03:24:20
adf7ecb6-536f-47a9-81a9-715a215fc137,Adolf,Dominguez,adominguez5e@meetup.com,$2a$04$XU6tv6GCVhbu3HO9Oru1ZOSsooCYQEXWpfh9DNFOHce/nlIR3QMXK,2,2026-02-12 15:22:04
d21cb6b5-16e9-40d4-92ae-4cd85f57a724,Hattie,Tetlow,htetlow5f@goodreads.com,$2a$04$CMjsCYyudRx8P0NcnAvz4.I2vO1iodXVb3P1olpjNtU.0Alw/7k2O,2,2026-08-30 14:13:55
f4da5cc5-5319-479e-85ef-3710c917b750,Madelle,Baxster,mbaxster5g@360.cn,$2a$04$L5ApTdPZW52eWw81YXg4bOKD8TTaYSgOFWP4ycLQ7xdVBZpMe.h.q,2,2017-05-03 03:41:38
c842af38-0923-4d09-b1e1-e143e649e371,Joscelin,Rudiger,jrudiger5h@rakuten.co.jp,$2a$04$qmz6fEESPsqrk4dONINRBucjv7V9rSxQh26NOXNdtaFCuCoKDqisu,2,2027-07-15 10:32:54
60d9012e-fa95-476b-bf9a-64ab0fe01a50,Aprilette,Llewellin,allewellin5i@typepad.com,$2a$04$6yz166XZd9mYO7wkF410g.yQ8sCkQGd/3Bejp2NqPTtN5zvV/Qj/y,1,2028-01-11 09:23:44
b100fd8d-8a60-4df8-860f-0b76eaa4c9b0,Cassius,D'Cruze,cdcruze5j@blogspot.com,$2a$04$PqnokNlf4pLNU.mGcPQ5AONM6gxoICxzY.E2T2SjMDxGHZs3avjyu,1,2022-09-28 10:40:00
1088199b-078c-4a8d-bc5e-6ae9d2037306,Cointon,Jozefczak,cjozefczak5k@nasa.gov,$2a$04$l1Km1mvAdaCrmj9lSVq5Zed/5zAkvEhCpjTUu66Fks3cqE2nsSCya,1,2027-10-12 12:17:08
6c07a8e3-39b0-438e-a27b-3b21d681bea1,Angelina,Delamere,adelamere5l@hexun.com,$2a$04$9xXXy4gj1BhppiZa7fk/4Od234HC7PO2r7XHZmiJ8bAPcnht.2kS6,1,2027-06-23 03:26:01
15315952-2b8c-4100-85bb-deb84d613895,Malory,Vasyushkhin,mvasyushkhin5m@amazon.co.uk,$2a$04$TdN2tC5sgf1jDbOYd7VkyuJyyHVJL3NXQVKB9XbFmgZigl8S6YYD6,1,2017-03-23 12:56:43
d580104a-6ac2-4fb0-8a84-2ee13b55e484,Reginald,Stappard,rstappard5n@youtube.com,$2a$04$4mQWSwmZsD4KpG3o732TOu01j61LiJArtk7q1dGs.zGONvnk8i8AO,0,2022-03-11 04:20:45
f08e16eb-cbc9-45ea-9e79-1024fd3e38b8,Alexandra,Braidon,abraidon5o@wix.com,$2a$04$N1P/fXHjkjKMQLI2/EAv2.ZPNtUoTLN1T2v7eKYqGyL7Q5j63zAKW,1,2021-11-15 04:59:57
66558b2a-4303-4ad2-879d-cdfdd6a701cc,Gordan,O'Meara,gomeara5p@spiegel.de,$2a$04$asv4B2BuQR8iR5cBHPOq2u/LQbDjOjskUv0VfAN8ycO9t9uF0lJWW,0,2015-01-28 16:52:02
e70a4d49-72e1-4a2a-8702-f5a6f8501777,Lacee,Kipling,lkipling5q@un.org,$2a$04$j7SRgnqcRNunhWUuBLFmJ.C7YuF.R5w6KbUv5XgwhTj1T13SkOojq,2,2017-02-16 06:58:16
e9a98364-7b2a-4e4c-8723-c52bf795344f,Arnold,Gilsthorpe,agilsthorpe5r@angelfire.com,$2a$04$21HQdnkdUvaSWLOb5/her.GzCO.L6TLYm8Ouor2a2dU8YFjj96vLC,0,2017-03-20 07:06:45
379f2cdd-84a8-496c-b74e-ba0730fea38c,Kitty,Sola,ksola5s@networkadvertising.org,$2a$04$AtdOiV0ho4zrUuRa8IX8J.NdHn7MUOkZZ5Cq7CJTKPX5VPdZUsTkK,2,2028-11-15 02:03:37
539ce332-a007-433c-ba1e-3a71203c3444,Nathanial,Vardey,nvardey5t@chron.com,$2a$04$gajVVpuEKFhkds/Ju8YoIeNbzHnDJnirXPfRX53JgnY/JM5Mb1Rkm,2,2018-08-25 15:17:22
6fd3175f-cc35-4025-acfd-d319f7eac2cf,Harlan,Hamman,hhamman5u@ed.gov,$2a$04$rrfiVK3NAlUN39wz8qWrfeHoxsUzb7eiZlrLHVQ.5Br6mNVMlYuVa,1,2028-04-19 20:35:43
be9d791a-cf96-4d95-b0f7-b69b2e186aef,Katina,Bentham3,kbentham5v@constantcontact.com,$2a$04$fQhOWKMsZmre1JrNepjX.eUM0zrueLSPvx3Iy4e25R4cbQ/n.kU/u,2,2017-07-28 12:38:58
a5e6cb33-334c-4b29-b9a6-6b722ccea28e,Eugine,Waddie,ewaddie5w@webnode.com,$2a$04$qVuYNE8GdOp.HkZ/5dMYcevgZv59qsVLTha7WnhNHd0zzVCwRdpw6,0,2027-09-19 05:33:38
10d6cddc-63b7-4710-af66-eda5886ec714,Trixy,Dealtry,tdealtry5x@webs.com,$2a$04$P8EGcD3A1IUCHa6sxfmFFezTM2bynANey2YEDyQYiSLR6olYCfGDK,2,2020-02-16 06:29:37
9cd439aa-3a65-4eb3-8f27-563585f86b10,Abby,Burwin,aburwin5y@example.com,$2a$04$fa1yRv7xZDyw4.ps1eUTO.Jjg1Gt6qxZVQidOzEYkFmReM/H/Y3kq,2,2028-04-29 18:57:59
744e5ea9-a36e-4d69-8d3b-2c0745f928db,Luise,Huckster,lhuckster5z@dailymail.co.uk,$2a$04$kGRiGVLwlm0Gw.RcX4oipePy8oeuEJGY3H84DsU9yePcbPTRRis/2,0,2018-11-03 15:34:08
2ab374ca-a14d-4a55-9d7f-6d12c7d82dad,Ignatius,Volkes,ivolkes60@alexa.com,$2a$04$5PBnwvHsvh22DyORRQEfo.Aob4jzxPmT8NRHjn71bpbQvTG31j8AW,0,2030-01-14 07:05:52
b7b05496-bd1b-4001-9ff8-f00c7736d590,Natassia,Dana,ndana61@theatlantic.com,$2a$04$Cih.4fuKePaZxThn9vyDJ.CXrWgj3Zovwym/7VsLZkU1VPx5iISte,2,2030-08-04 10:34:01
158ef44c-637a-40f4-9780-7187d50fdc66,Cullan,Plak,cplak62@craigslist.org,$2a$04$.9cAnEWlz/pnIZ8/XroA7OP3UYPi4rApSz76CE5q0MCqBT7ry8Ne2,1,2016-07-15 01:26:45
e91e8e06-69c0-485f-9db7-8d090757f4a4,Doti,Loyndon,dloyndon63@google.com.br,$2a$04$A0Sp8LSh7tfbm.fn9.xEL.W0agc8ROdr6kM1HOHCnbMW1DzmfGDky,2,2028-10-13 08:14:16
0b63143a-407f-4c01-abb1-d0f5f5651702,Myrtia,Bernaldo,mbernaldo64@spotify.com,$2a$04$e339U2ADXqYzCyAa.qkq.e4FsnHEMgkvwwJE1duXLhddMLUgUCgjO,1,2021-05-01 14:11:10
631027c4-cbf0-4162-a345-c76a35540d1a,Cordi,Goater,cgoater65@cdbaby.com,$2a$04$nhltIzDTbP.4gIjcimysXu0INeR9PbcmqIdZJOZHCuxCqnZPxFqAO,2,2015-12-01 07:17:11
946089fb-fa98-4085-ba7c-2ae9ac96124b,Shermie,Jendas,sjendas66@alibaba.com,$2a$04$XvNkZAOHDiGPqlUawAq01ObLfklQMO05fXKlULuKsYzpDnJE/4dNG,2,2017-08-05 15:37:32
f5d86eaf-41ba-4a3d-8ecf-fb670f017b42,Cece,Cleworth,ccleworth67@people.com.cn,$2a$04$VEdrYq4Vwc5GkqBwS9BiYO.WpGA3oqWaaYMX/xr1Xg6AbBFGftTJa,1,2030-10-03 10:32:34
14a0772f-67ca-4e68-b765-593d42d130ac,Burnaby,Borrill,bborrill68@example.com,$2a$04$RNzX9Qrl9nv0FwjPO1h41eXKhMqaCmKE5CodCapYnFTs.P/Q1.MzK,2,2020-04-19 07:34:20
c8d7a67b-33b8-493b-90c4-b6683f0a81fe,Noellyn,Pippard,npippard69@time.com,$2a$04$qlqhqdDYjZCdzzOPLNihtewoEhhUv1efaK2ITXKm/3Iaw3G0747de,1,2029-01-29 10:51:08
68483b44-4b74-439b-a3e5-d069b310e690,Calla,Starten,cstarten6a@hao123.com,$2a$04$/qIJrlX9B5bvjgBZndE3jechYWpxYO8YGd/5YnLbK7QZSsh83ePae,0,2026-09-30 20:35:22
d099c5f1-3f8c-42de-89e7-c476bae03f96,Raine,Leyes,rleyes6b@spotify.com,$2a$04$TsN1jaLa85hOuGlPw9L1iOOKe3djRgbVCkB2Hemr8DbaFlxDMAGFa,2,2018-05-04 12:35:15
565a14b6-6759-4b9d-896e-768f43e88b2e,Jasun,Blackford,jblackford6c@apache.org,$2a$04$UBvfuc4fAr6OMk9NwRHpkOLZfPRv3oDbogdruLH0aOpD/kpVm.WE6,2,2023-03-01 11:06:14
7a3e426f-58c8-4093-8ef6-6b4d972388e7,Sarina,Ashlee,sashlee6d@theatlantic.com,$2a$04$axQPQdoSDdz5J/YARFsZa.RhyF7P/OrtQJk24UKs4svYJz9u6Cm.C,0,2028-01-16 09:15:55
14224e9b-f482-4bb5-807c-442fc1600138,Matthiew,Drawmer,mdrawmer6e@theglobeandmail.com,$2a$04$pRb4kambiv8juhke6K2vxerluuhekDq3WBHFQAirqQ6X1I2ShN7D2,0,2029-11-24 16:39:47
bdaa01f0-4b05-4676-b7fa-8ee41a610e28,Terrie,Buyers,tbuyers6f@mediafire.com,$2a$04$Hsv.7pr0yKTauNCCquhPKO9gV81/CD28ZhSMpXHvpx7/4XLBrPFh.,0,2030-04-29 20:14:25
5aa6db5a-7c4e-4c9d-86f8-e3923b5ac489,Staford,Mouan,smouan6g@bloglovin.com,$2a$04$c.y..hVuUcmFHaqK5TYCU.AjO0Zwdoqom2MmaHAPQV9stRgFBqa9u,1,2029-01-04 14:38:38
263e36c4-58a4-4df6-940b-e89b1e5d3c82,Thomasina,Prophet,tprophet6h@dropbox.com,$2a$04$pfsL1XGWNtk1xnQZ4vWNreyJcx7ya2N2olyOn3eLYT.1RcKy/wQw2,2,2029-05-02 14:31:35
a892e64e-d117-4a0c-87e5-422e6093f5e6,Aliza,Georges,ageorges6i@japanpost.jp,$2a$04$ttcPUGPdvFqEZA3fh5l3VuqD33naF4dABgJQQdnFYFUQ79fDJXnvK,0,2015-11-07 19:02:25
141eb214-c348-4372-b222-b850737c2e02,Edna,Mollison,emollison6j@scribd.com,$2a$04$Wih0xKjdBI0lSkqq6if9K.kCkZWbpwKcQBEA.uNeNvvJ2yPEYjAvW,2,2027-04-24 23:20:30
a453a925-bc35-49a0-8d9b-0c054234cec0,Ida,Pott,ipott6k@columbia.edu,$2a$04$mNdAYShnkYJbdV6Hu6xoh.CJXO7sRz.8MNC7w5F9cvkeQlIXEvbjG,0,2030-02-23 13:16:40
533a071a-81ef-466d-a65f-20869d8ff976,Neill,Gofton,ngofton6l@si.edu,$2a$04$lAT0MoKfX1SuJe4uYolIhuB.gKoRrM1o945G4nsdwxYbXw8xBszV6,1,2022-05-27 16:27:55
19c3c9b2-7b0c-42c5-9901-f6cdcc0bab4d,Mickie,Cauldfield,mcauldfield6m@artisteer.com,$2a$04$7K/LW2oHeYhARFs/HjUP8e9chMR7r7C429zLPNqXt1x8a4U7mGCLu,2,2028-11-07 13:41:47
5099bbe2-17f7-438e-9302-aeabb5e23e42,Cosimo,Belden,cbelden6n@ca.gov,$2a$04$xpc8jxFIOtU3ie2mVgGPlu.cet/A9goN3NPHwGwYjGmUThqgBnUbG,1,2018-07-31 12:57:26
f01c6c19-f993-43e7-9429-d95e8835f803,Shelia,Segge,ssegge6o@naver.com,$2a$04$Sjaa.IUbgM5vSdJsgVrjgO619cGTSMmfKDoniMQqI7nh5BFxeGJsW,1,2023-03-28 09:23:27
d8b3d251-c8b7-4e7f-96c7-038a0f347eba,Nataline,Burdfield,nburdfield6p@walmart.com,$2a$04$F21U9tH3aRJYegu1kkCx1OOj4gLWx4jZbPFxK9.7Ki0F0rFAbUNQi,1,2026-10-11 16:29:56
736c79fa-efb4-4998-9d0b-af09fd4ff329,Dominic,Dent,ddent6q@craigslist.org,$2a$04$i77yTmCnGnDJGE/f6g8IGuEpNo3Pqzcrxn4N/4f1bsNWx6GBMfEFO,1,2022-12-01 02:39:02
310cfecb-aa56-4e08-871c-f2daa967ae49,Hyatt,McCafferky,hmccafferky6r@shinystat.com,$2a$04$vYsMvT4hoejGD8jDjPScCO.h41xDNx7TCOcYZWn95NQy//kjOGeFO,2,2028-01-05 10:29:07
8a0193b1-6896-47ef-a08f-d9f96c0b4331,Rollins,Chiverton,rchiverton6s@webs.com,$2a$04$XzltteGvKAt7cPwdTYP9Vu99enjD5lmceJrpqUeS6Q6K.tzsHKC1.,0,2029-03-20 09:32:29
c64b4f3a-4b68-4f14-8411-b8b1622e8087,Ernestus,Dani,edani6t@accuweather.com,$2a$04$.TAJbmQpMEydooQl92VkBuOb5cUbOgSIe44j0LVnu/0mpZZaXTrj2,0,2019-01-22 05:24:43
2976d168-2fa3-4889-82be-11ab0ef9c792,Valina,Peinton,vpeinton6u@cornell.edu,$2a$04$0ea8FqNBs7peiHNA9tw8WOjla41X4NJyMhThSQra22R1mYsxWMb6y,2,2028-12-15 23:39:35
5f875af8-15d5-43e0-aa98-12437f91c106,Janna,Hawney,jhawney6v@theglobeandmail.com,$2a$04$kE8mfm8k4PwD80oC/GbuHeWoN4FRE3IEVI.pRYIcT3vE.Nw0USKvO,1,2016-02-05 20:04:38
42658b1a-3fb3-4c3d-bf87-4a752bd64365,Clarice,Trevna,ctrevna6w@merriam-webster.com,$2a$04$F3ChlvYXQbOa7HuVHzdfoO01WNSBAleGU242BZ1UXNxwY9RqyLwq6,0,2025-01-30 08:32:47
942125c7-3aa2-4e62-9908-39ab8c460a22,Joyann,Coop,jcoop6x@cnet.com,$2a$04$CVMcP4sCPdIapuEv5e3oTu7f0YLSM.EVtHdeLBU.wjT9X5uqP.cuO,0,2020-01-21 20:38:01
776e4b86-b8c7-4889-8d6d-e13440b59f0d,Beniamino,Manilo,bmanilo6y@ox.ac.uk,$2a$04$Ss3lBUFfQdt.YW8IsClrUuNqKAvk66QA3V9rN1QmfDr1ZovrYgYx.,2,2029-08-22 18:11:07
f1d3ce4e-612d-4ef6-a9c6-c09a49f34379,Mureil,Crampin,mcrampin6z@sina.com.cn,$2a$04$ei5D2ymo8rbureQsWbYBd.a.nENOEp4dlbG9NvdZ36yYj.LyD4M2.,2,2029-11-17 09:56:21
e715cb60-82e9-4760-a1e1-ec42d2f90bad,Torrey,Sweedland,tsweedland70@ucla.edu,$2a$04$sl6PVyMKJf6zCgtZnNhDeeUUX2K1jvudXcArIUQGEws3xqTYXHYIK,2,2020-03-11 13:35:28
0316ccf3-d0a4-4b7e-b5b5-b534f663ee2c,Kizzee,Douberday,kdouberday71@bravesites.com,$2a$04$NYSHQi1qoUsNfZJZI22LpO5Xm8ur/21aCuCeKYwvMl97BFLQJ5N7m,1,2024-11-11 13:46:20
46b4f15b-a9c8-4893-ad83-c2fece0b737a,Beau,Redwood,bredwood72@fema.gov,$2a$04$Jc2YMQgoAA8cEvB75Ytjpeelbzqoy5cU2Nc4bzbU5/A/ozpcpHBW6,1,2028-06-09 00:03:51
2995dcab-d7e0-494d-a880-17d0d4aadf28,Vassily,Stiddard,vstiddard73@dropbox.com,$2a$04$8g.YW0eRlTaW3S7nD.9L0e9gNK3Ixq7yicZ86trtiuNOuHcPHmXzO,1,2018-10-21 17:40:50
a8496b08-cb43-4feb-9f65-03766e52d221,Wolfgang,Lere,wlere74@mysql.com,$2a$04$BGEhRRCCaRoShccTyvRy3ujAIM9o4m4D2.Msjd1OZQy78VxXZBCiu,2,2016-09-07 08:51:44
6a40e138-0c08-4a59-a244-c89a3c4e9ba1,Willi,Rosenblath,wrosenblath75@biblegateway.com,$2a$04$Vb6QwTFrICzcnPSSgXx1d.DAO/PpR5rwwmJj.kJJ7eRJQO0GjjtFy,1,2024-11-15 12:39:06
0bc93350-bbfa-4e1b-ba7f-1a9682a254ad,Jard,Hillborne,jhillborne76@godaddy.com,$2a$04$o0491so9LhYNeVKXwWQhI.RVGFcH7HDXo9GcuzlS12/mk5mcgS0UK,0,2018-05-23 22:52:10
bdca0a83-40cc-4ced-b467-546e310d8bd7,Mignonne,Forst,mforst77@imgur.com,$2a$04$CjcEpdoe.LleKtCb2Yg3bOFU18MU1o8F37Oocg/9zskrglNC76xdS,2,2020-07-12 12:31:28
39b21f01-0000-40ba-93f9-515cb8d02f66,Rosamund,Fransemai,rfransemai78@dailymail.co.uk,$2a$04$tXp7ri9If8rBykO/PPTyBuHuzA9KSa2P38A04X97dz52hVUbCPHxa,0,2027-10-09 02:56:09
8581ae2d-cbe4-441a-b520-20f7126d3351,Cynthie,Muckeen,cmuckeen79@wsj.com,$2a$04$WRPSVgSMPl23r4Z7BaNAyuki.xYII18CcAZMrA1oPVP.t1x2szkue,1,2028-05-23 21:30:41
81c15176-0f0c-4953-8d7f-6216f6b9a8e4,Elissa,Klimentyev,eklimentyev7a@prnewswire.com,$2a$04$dhg2X9NWepG4QyurzRTxUuAMjTnvMs6quIamKn7VR7cS5lJjGf2J2,2,2023-12-31 13:34:00
f19a6e0c-94f4-4169-b4ae-0e7fcd54782f,Joni,Pedwell,jpedwell7b@nytimes.com,$2a$04$qiIt6eltEOSI4KQ0dzZ/PeKRPfUfHLKgQp9PBQnBsejMosbvcvVmG,0,2028-10-13 16:02:59
e96618b2-b94b-4676-895c-b1fabc784b45,Alfredo,Burde,aburde7c@about.com,$2a$04$gNnRFUxB7o9SrGH5p6/e9O5hHT9ILCfniYjMsQgZXPxSytB1kXd.u,1,2016-01-16 10:56:00
c282e094-8d07-4c91-8fd9-36c9243a0618,Hersch,Dinsey,hdinsey7d@ihg.com,$2a$04$fB8ifGQ590vnsespiKotK.0SUcYToAQhCiebRCt89j6je2VlTLPsy,1,2030-07-15 16:30:40
da95d376-6db5-4faa-b1ea-8111f934ef36,Dewain,Betham,dbetham7e@mozilla.org,$2a$04$H/sJzQnTbhYsk0OQI5Rw3OsRHZs38HN37gvR4xe7Sh2bIx43fFbku,0,2027-04-26 06:29:50
c3e11170-b4c6-4e6f-b65a-8e0ac6b2a039,Forster,Dellit,fdellit7f@scientificamerican.com,$2a$04$eSIHD1QYqMggwjbMKjX5POso0fujS/Q5XzBgeEPwe20VrqfFPfvwS,0,2018-08-03 20:01:12
a1b41131-353f-472b-a35c-26bf4f8c3928,Panchito,Costigan,pcostigan7g@dell.com,$2a$04$ggf2vfWYaG6YxssVH29J6uKscBrULdQb09lzxCUBAiOmpmDXjyLka,0,2022-04-21 12:48:04
1a46d15f-8d6d-4459-91a0-dd292952fc1e,Flossie,Van Castele,fvancastele7h@earthlink.net,$2a$04$Do8LBl6k12w1teAJyrdYIeCSZkENcBplBAmfJqYWLLYvgSU2Ggoji,0,2019-04-23 20:41:33
09ba1dd8-cff8-4516-a6b8-dc4683949579,Joelie,Brixham,jbrixham7i@oaic.gov.au,$2a$04$NVkjJbn4LJDACsUsBsDZSe11Q9k61FHdoeC/LalT.TVmK0ch.kJ5K,2,2016-12-02 20:02:28
c386eb14-7e8f-4524-beaf-2b4bf6414196,Danny,Seymark,dseymark7j@walmart.com,$2a$04$.ZQLexocyeP4.PoZ9kYdVeIScRcsg3mcagG0bSMsiQIrFpHOlnUHy,0,2022-09-02 04:08:08
1e061c26-8ae3-4d30-9fd6-28ed5affd1f1,Mable,Colthard,mcolthard7k@aol.com,$2a$04$E.7NJ7GxA5waliDLlGklguKW7T6mVynZyw7U2Udb8.2dJ4XCiuR3u,1,2024-12-16 05:58:48
d80afdc8-5f21-430a-b929-71473b300c27,Collen,Nockolds,cnockolds7l@artisteer.com,$2a$04$7ZpgFTL0CVwvTUmjnygCdOIeAdJeNR94rzxhE1z08wR7vhtniuJei,2,2016-03-25 07:04:02
72654b01-3b15-4226-88a0-fee31ec29fee,Tallou,Theuff,ttheuff7m@ucoz.ru,$2a$04$si3xIy6VUPTJmPG8wKhcduXFtM4ltoU.X5NldwStdWVNWF4hK3iVy,0,2028-11-27 19:32:43
696bb32f-408e-495f-8f08-baef4b2c619a,Moises,Bolus,mbolus7n@google.pl,$2a$04$tpw6uR3S/zF0OmoRjv2mkuud6bogInEbiMmAMOVKXLh.jrGx9IZ7y,2,2018-07-07 22:31:57
14576ed5-0baf-4d44-833a-3a31e8e8c50e,Alma,Sprules,asprules7o@amazonaws.com,$2a$04$.HbuGQURi9ZuMFNB0yYF.eVF7rwLsboYSV2F/SYJY6ChchBiMHENu,0,2023-07-08 20:49:37
3f0a0359-756c-46f3-b936-99e1da6c1faa,Stavros,Kik,skik7p@auda.org.au,$2a$04$Tq2GUJt9emtC58cMnOinPe/zouwM/TV6Wpa5UbAzKw6B8BxwNdCV.,1,2029-01-10 19:09:24
d3ff3cb4-4a9d-4301-875f-82e35fbb9dd7,Sherilyn,Braunlein,sbraunlein7q@cdbaby.com,$2a$04$qEcNGz06yKzs9hKvMwUpWu7Ihjlypso7VKlxbzgvnk2exZXesW6rW,1,2021-02-09 23:08:17
a6a206fc-6e0d-4294-acc1-b6bcb8b87b5f,Trescha,Baptie,tbaptie7r@icq.com,$2a$04$Uynm8JxFCwHaSEgBCuLcx.2xWdLKHxFp8R1.HBuEfuXZi1JeICeC6,2,2016-11-17 02:26:22
88049f05-6067-4ad4-9f05-ca36f4ffe655,Miner,Marzelli,mmarzelli7s@freewebs.com,$2a$04$w34OJqJL4Z8FxW.3gj.7ou8h.AXrO7DdwMcaX3m202KQUBQMNb3j.,0,2024-09-27 16:51:48
9982c7e4-e78d-4b38-a78d-e1ac8d70ecdf,Patricio,Douce,pdouce7t@usa.gov,$2a$04$plcIMeGD1Zq.yXfGGSsbTengSaahzunXHkmbJgg3aFrk1NgRgIpZy,1,2019-10-28 10:11:55
eff7e33e-5e4a-4d06-bb8e-c9444bdcf2f9,Dierdre,Duxfield,dduxfield7u@mlb.com,$2a$04$7Eoi0FCoqnkA8cbL3hoc4OPCjUKKaCCq/cAwag0ZkAOVi1rN6EhIu,2,2027-01-06 03:27:17
2cea6c79-d72b-464e-b0cb-b8c4e0ba2286,Dill,Blood,dblood7v@trellian.com,$2a$04$lO0yg7jZThEqqjSa2OxwzuNit9Y/xfqHxv1gf6D46Onz3G0RJR2a.,1,2022-09-30 06:15:36
c6b63a83-a982-433b-84cf-93328294e77d,Eveleen,Dies,edies7w@homestead.com,$2a$04$2q8KDpztA1UVgx4HL.URZeOtQgWxWUW41GpJgtCjbJeikvhVJFgvq,2,2018-05-09 01:06:26
875ba117-da7f-4fdc-86f6-678587d48d58,Catriona,Pharo,cpharo7x@cbc.ca,$2a$04$8qjjqCnehOo321WHhhF07OuPnVtafJ3cOuTJOZEryyC0WTiK/23ay,2,2028-06-13 13:45:18
5e3df11e-d84c-4f7e-b371-b6d46cd7987f,Lorelei,Dayton,ldayton7y@posterous.com,$2a$04$qUYM/RJ78vYbx6OA0JFV9.I.hbGJTbnPKTkQjBTcwUXf.888v0jqO,2,2018-04-07 12:38:47
10c89bf0-dd01-4c4b-a54a-07d14a9e96d2,Barbara-anne,Dawby,bdawby7z@nbcnews.com,$2a$04$lgLTpLyEn9yktS1km8034uTkaT4T1zQMTIkB/GtYPq.aFGcUP8WxO,2,2027-05-20 00:22:11
283fef03-c4a9-4fab-b810-5e6543c2bee2,Gabbey,McGuffog,gmcguffog80@hexun.com,$2a$04$MElgv6T/hUOmpXjTFCQ2n.6kSjjM3Edv1.NYtPE.rYsoGBXZaeOEy,2,2017-09-14 04:20:58
ea785d3a-f81d-419d-a65b-c2a208b04e96,Leighton,Vakhrushin,lvakhrushin81@forbes.com,$2a$04$NT1LJ3QVFlp8Ihy6cyOlYeBPz63vcZO9UKWDP3AUDWhJlpU.CYO4.,1,2018-11-23 06:23:20
ae0699fa-69d0-4f0e-934e-2931432ad75f,Jacky,Chene,jchene82@unicef.org,$2a$04$/KwLaBMNFtMOnH8IhisCOuHeMxzcgvZZEnkR8Bj8rnKEFL/y.Z/sC,0,2021-02-19 22:52:51
e6a1bee4-828e-4a44-b75f-cb7311db9feb,Ariana,Itzakson,aitzakson83@ycombinator.com,$2a$04$tbu4pfWo6N3o.hBh5jGtE.xEWT9jkelMXMOVxF2aUKCuUFmv/H.n2,1,2028-03-02 12:02:17
e3221bff-dac6-45a1-8354-7f62dc3f8af0,Ross,Opie,ropie84@cam.ac.uk,$2a$04$8JXSLOHFLZiOngYLdSHktuh2Jwidw7D20zGGP317voY.bD8OjaxVC,1,2017-01-21 22:07:55
f0e0bf98-755c-4371-b145-7cd2e6d60490,Janine,Tidd,jtidd85@scribd.com,$2a$04$PRUm.z4yzQcr.ow7wwP8GeQLXd9Bh6VCb6p7KK1jSCMpSqb1pxLC2,1,2016-04-14 02:37:27
bf7141f0-af68-4e89-96ac-99920427bf2d,Benito,MacKegg,bmackegg86@chron.com,$2a$04$EnfujCalF/7YwNo2RomcPeM41oaCs2yfAapiW6BE8bYMVQ2w5uw1K,1,2027-01-27 11:37:20
c17be837-f370-4fc4-9795-4063f3abd162,Ephraim,Moxson,emoxson87@acquirethisname.com,$2a$04$IyxHqiSSiT/TrK24L5v2vuIKUd9c95WhJbvhrNcX.C9p1LB.qbVPe,2,2029-01-04 11:22:23
8e21b3e8-32eb-4817-b5a3-844276872b5c,Reamonn,Plaskett,rplaskett88@wordpress.com,$2a$04$7M.6F9bDtvaWhK7j5LM1b.Hn.EG/S3rudwFCW4AAEA01js7qMs3ua,1,2029-01-05 09:08:59
f264cd1f-d3f5-4740-86d9-04da7f852a26,Dulsea,Matthewson,dmatthewson89@github.io,$2a$04$iFsODbjgFaJWepAE8SKcYemFV1IQvNd3wnubBfGyO1mEhBRQH/Ciu,0,2019-09-19 05:13:34
d9455662-8ca4-4f5d-9a51-9b7f42905316,Stevie,Le Huquet,slehuquet8a@pagesperso-orange.fr,$2a$04$RNO2Utjy6i9jLdmq74fo8.RznBVYioO.Qkzt/1Sj/PJSQALEsDTMO,0,2022-12-29 22:44:33
e29d2a78-2a37-43d8-b280-853b6bd4644d,Debbie,Spincke,dspincke8b@xrea.com,$2a$04$d1bS7JKUAOB3e11dRl8gqubHdXJ0jJEjRKbYrzkdg4y127LsXgFUK,1,2022-02-12 09:08:57
bd605e11-f81c-4e3f-b4bc-9e8b5f465bca,Opaline,Udie,oudie8c@seattletimes.com,$2a$04$LxmokMkcQTnMjbMBeG2v7.S6AOqQ4a33gbP5N2jI5DEV5Li/RC77y,1,2019-10-28 09:09:39
29beb9ab-28eb-4471-9ea0-81bca69b8d94,Dee,Matschek,dmatschek8d@hhs.gov,$2a$04$epSkjs1.Ell3jrpFiBXfx.zAp07PZfdKJyRiHJe0CJ5Y44Us9Hpl6,1,2016-07-17 21:48:57
b685c547-8b45-4224-84b2-f4d5aee8abeb,Karla,Orpwood,korpwood8e@wp.com,$2a$04$LKwPzN44GJsgQ7HZj19SDOrSe/Gg3scfT9Ehhfm4Od4XiSvTQtZ1m,2,2022-12-09 19:34:24
b5cc3b25-15e3-431a-a83c-f6561446c89f,Pieter,Andrieux,pandrieux8f@ask.com,$2a$04$mKm88ftEARD4kuRhhKGQKOo6lf2MN27KUxErhbYIJuClrTrU67X/a,2,2023-01-20 02:36:04
c7e74d39-92a5-497d-860a-fae6aa08e485,Saleem,Chell,schell8g@imdb.com,$2a$04$KnoyKWNA6w0aExVBndWqUedsZ183PKO.5PtcnPY.q53QMXuKIt/eq,2,2025-02-18 15:52:12
ac36210a-ba36-465c-a9b9-aa0b8ddce69a,Bethanne,Schreiner,bschreiner8h@yale.edu,$2a$04$Jtq26hyYyu0Pa.hZjWRReOw/LidvdFifJWkK0UR0lYYzMkqSzfonq,1,2023-12-23 01:27:57
7eff9e62-a6df-43eb-afec-245505fe6cdd,Salaidh,Durrington,sdurrington8i@harvard.edu,$2a$04$13i5z4VexSua.KC7qm5NUOseTjlc49q3f0xPJfDUhkWcWxMLnympm,2,2022-01-17 01:47:35
acad4fbb-ad44-4c8b-851c-ed64bd532e88,Gaby,Ruseworth,gruseworth8j@miitbeian.gov.cn,$2a$04$KpsJLtLXU5psTZM7aTtMkuVBdB9AbY2O3bMkZJpDxQcdo9vJY5Ssi,2,2016-08-18 22:36:55
dec4122f-c4fd-41ee-b48b-c1bd07e5b4f9,Meta,Bamforth,mbamforth8k@shutterfly.com,$2a$04$ff/hapuRpB90fddL3Ac1TuDGpcp4cE4j1WlYDYiUiekwirMO/jWDu,0,2020-04-04 21:01:58
530c4292-be8c-447c-a96c-048ce7a73cbf,Patrizius,Anselmi,panselmi8l@ehow.com,$2a$04$aCQH63M.93iTrW.EgYwMjeEHux027AHCIbheBJ5QF8CS5w7iCiD6u,0,2030-11-14 18:40:20
50f4f9b6-aa8b-4816-aadd-88319747c895,Clarence,Dewdney,cdewdney8m@google.de,$2a$04$rBul69dZzdByCXLTo9mtJOKjJnm.D3Ak2sUjRUNrtqTp/pbwIsdP2,1,2017-11-24 00:30:45
0bded2f8-994b-46c7-b727-395bdb59f3fa,Waldo,Battrum,wbattrum8n@unblog.fr,$2a$04$lsMO2Z274OaRPjMvPJisv.mc8irAsr0vU8.Kj5B3ALjAGAIqZDelq,0,2026-08-08 19:05:41
7ae379a1-50e0-4d56-861b-92239ae33b11,Kyle,Desantis,kdesantis8o@tuttocitta.it,$2a$04$ezhliup5mAUKJn8cma9RH./K5LQNPHAlPfu/8taUjmYjL9e2EF0/G,1,2030-01-06 18:27:19
3a28af3c-26ad-4e3d-bf11-ae283744ec13,Ella,Websdale,ewebsdale8p@hibu.com,$2a$04$6UCogukVH5ykdDM6K4ANuOGuZb9dffHTHH/5uZitMHAf9miQZ8JL6,0,2019-11-27 18:19:58
78b03844-dd0a-41ad-b0e7-72bfac4c84fb,Moishe,Natt,mnatt8q@google.it,$2a$04$NhdYZZvH7e15T0ZDqFvRwuoPEZV9LZI7UkW.nC/48hSXdYIrwfXi.,0,2029-12-06 20:50:26
d6026b84-9310-429e-b2bd-7ee64ddd88e5,Ingmar,Dayes,idayes8r@alibaba.com,$2a$04$EcKPYFf1t5b5KeZRzizYmujyekN1jM8jHbOZ3.lFkEXFfwftp8A7a,1,2023-06-11 15:44:09
b5b0a42b-a281-4e46-a012-f9e7b1ac90e4,Jaymee,Pridgeon,jpridgeon8s@telegraph.co.uk,$2a$04$Azpvn9tKBK5SPAJQaF6dAOFOXNWCHmkL38jTn9Q5L49rSWcKwcsjW,2,2023-01-24 11:07:39
c52564e6-37e8-4077-b587-317abfd38d5d,Elwin,Corneliussen,ecorneliussen8t@sogou.com,$2a$04$N/AYcdbtioEOs3lHyqpyB.fwk8LslzPWsqCNujUrS9KIDTtZzg2PK,2,2028-08-21 15:44:58
b174956a-86d1-4b44-968a-24855c735d78,Floris,Jovis,fjovis8u@gov.uk,$2a$04$VCpwxziJrdI0g6UyyxXj6emzNVEa4Btm2NGLIxhq8mGGgLp45Oyzy,0,2027-05-21 12:05:00
593cf5dd-866c-4cab-a67d-0ddbc8dbe8d5,Ivory,Points,ipoints8v@trellian.com,$2a$04$VyYfaRnrMKrfmxirN/ErDOxkIasrYutuWJMjIRPS56v3vWzCQAc3S,2,2017-06-25 06:17:47
b3b8cc49-41d5-4559-9527-16b4068706fb,Haven,Yegorev,hyegorev8w@nsw.gov.au,$2a$04$8MJCS68H.f3jRQkjNZVQ0ONL9otHaxVN0lOFd67FzmuqpRjeJ9nZa,2,2022-01-14 07:56:33
641c7899-e227-4d09-980d-7ccb87d1d2f5,Aldrich,Boays,aboays8x@blogtalkradio.com,$2a$04$iJVoQBRFXZngy788BlbtKup0TjIlWPECxIKZftuR8r.CMStcV15Xq,2,2025-05-15 08:25:05
2ca1b95b-9e57-4c86-8fcb-8c4c814d4b73,Bernarr,Papierz,bpapierz8y@exblog.jp,$2a$04$Iwuake00qdb0hZxVZdJn5.gcoTxbrT2YpLY2Y4XOsuz4qa.6O4FI6,2,2025-06-21 02:57:41
2c9b79aa-c796-4782-a2b7-2753e2aaa7f8,Dominique,Eickhoff,deickhoff8z@altervista.org,$2a$04$9Oub5gV1p16ZS6IvywfV6OIDajs1HaQ8t.GPjZIqeWzSsIMXA63im,1,2020-02-21 01:58:49
d43907a2-cb3d-4ca8-ab20-0e37c65c8d5e,Warden,Itzkovwitch,witzkovwitch90@nba.com,$2a$04$5oTrFYM07RLhlFUwYivHauB7ypwlNCNZH8o455dEbNbmHUfnMEUSu,0,2018-05-09 06:12:37
1e621f70-cc09-4d52-813f-d1f4a4a48836,Trix,Coleby,tcoleby91@hugedomains.com,$2a$04$T47D.0rMvXxSRWHnEsWK9O351m.1M.mw/EP69/n7Dpan6jJnrkkTC,2,2020-11-21 13:31:54
5b7032a4-99ef-4ebe-8b53-f2ddb46594b6,Lucie,Chesters,lchesters92@stanford.edu,$2a$04$jdPuuE5E3oH9UNiz25iOy.xvocxP/UEXhTDTI78G5JHEG0AsyjR72,2,2024-06-25 03:18:01
8bc5bafd-0dbf-494f-9886-8fa9f46e3292,Bancroft,Fearon,bfearon93@woothemes.com,$2a$04$HaNbI.XuFKcvnCc/JknuFuZyTiSoPFDngFF6bxPlLMoJ5WUI8LCYG,1,2021-10-04 07:51:40
efa097ce-3174-4bce-8ad9-072477aa5c32,Rafi,Charley,rcharley94@fema.gov,$2a$04$/qB4MypvXjPXYmEgV8VEJuzSdZjevV7KWsBPlpyHRBI2TGG.Qirz.,1,2019-01-29 12:34:34
ebd52d07-dea5-48bf-9685-dc882758c306,Brenden,Ginnelly,bginnelly95@merriam-webster.com,$2a$04$Iv1MWy4DB0B4.4.c7IWKou3zkgYhKth/gyP9f.z4NRA3n6leJkccm,2,2021-10-22 10:56:09
4719d0eb-c2c1-47be-bc48-39100d8912c9,Tudor,Huckabe,thuckabe96@mtv.com,$2a$04$j8ai8yrZQYbiFmAGhusYoe1d5aOdnsIXqT1wwTDKEo2YioHx4fSFq,1,2021-11-29 13:19:21
489b71f9-7431-4e5d-97aa-ada3642a5474,Natasha,Sand,nsand97@tinyurl.com,$2a$04$fEY6nCj30Bbg2mIBvFKtLegso7VejWU83jixIkCQd37t7Mzb4n7AG,0,2022-06-10 10:39:35
cecd055f-8b9a-41d2-86e6-fd74e68f7e04,Calida,Hardstaff,chardstaff98@edublogs.org,$2a$04$fzcvLmg7DfDoMKpjlkxjJuz/cvxNhIM1v7OcB8.b0pHUJiEqMSY.e,0,2024-11-16 19:57:29
fe9773b4-4673-4f3c-97c0-cdf9c433bc4b,Maureen,Hurch,mhurch99@mtv.com,$2a$04$Kv4tlVFp.l8C20beLezcFequ4voYavjtMVlXVPxHUEbSY8pss.pv2,0,2015-12-22 23:31:24
3b235b4d-60ba-4dc5-a4ac-8244bb12f906,Halli,Itzkin,hitzkin9a@linkedin.com,$2a$04$w7pXn31Ypza//ZfAST2SceT1jzT08/jzx8HAn9XTTWVlTMvmTdtLu,0,2027-01-25 04:45:33
5c56f107-1550-47d1-8fde-69ee021fc4d8,Mollee,Benet,mbenet9b@slashdot.org,$2a$04$3tXOKMnFWrO3jfl5rwvehuEzDgaA4h9U.3HcFFQaQxTGCp1o6WOce,2,2016-07-15 19:41:25
8fd40820-64c7-46fa-a75d-125fb1ec0c1d,Worthington,Waldock,wwaldock9c@creativecommons.org,$2a$04$zh6JH6AxKEZUSDwFEFgr4eH8U6JHzUhTZBW4fA/Zhjz1Godv79fyO,0,2025-02-15 05:06:22
32cf4ed0-8fd2-4cbd-ae56-edca6b8909e1,Henderson,Brokenshaw,hbrokenshaw9d@seattletimes.com,$2a$04$RPjD9Esr5zTHi2mbRprcouNfW3pYQfhq3SjRdb1srpwPp0tTiCYti,1,2015-01-20 15:27:32
a1385561-dd75-4192-af26-d7995ecb1b79,Sheffield,Avramovsky,savramovsky9e@globo.com,$2a$04$O9SkpFB.MZILU4DyLWhGkuJbbdiauQSYNilUmfzUT7kbfzyy15c06,0,2028-10-20 20:40:45
37f09c53-9f10-4fc7-92c0-662418bf87de,Emery,Britney,ebritney9f@live.com,$2a$04$ZMWEV/sTFX0y/SK1jymfDuO7icvlRwx3d4PNgBD5sBa8J5RVgBOSG,2,2022-09-03 23:20:30
f58ad738-61e5-4ff4-8293-86221460455e,Emma,Clague,eclague9g@istockphoto.com,$2a$04$1FyR2wUCmxUH.3ZWgjC.C.9aUc67D2QbV3D8oMTUgxsBMFnMvtnaO,1,2017-10-11 07:25:40
91444e7e-e2dd-4841-a392-8dc0e3ae1bf4,Roseanne,Higgonet,rhiggonet9h@nhs.uk,$2a$04$Bv3n8G.Aggpgw5qOee7pn.h3C3fBjE4RF7Bqjg89LqEzB3eibGZ0a,1,2017-11-10 04:40:04
8b2d802e-256a-4ba1-b228-e773b9486e37,Bartel,Pickthorne,bpickthorne9i@amazon.co.jp,$2a$04$x.At81HCAhreCbeE4z2yRuK14gCqKHxFqfIn75CKXcrxClUPfCk82,2,2020-07-04 14:26:46
a76dbd78-a6fc-40b9-94c3-8a6fec4da0df,Melodie,Casarino,mcasarino9j@sciencedaily.com,$2a$04$F2m7qMaE/tfDzzxHorvYAOsCofJjrxAnjDZn7sFj5nHUEkLK47Ore,2,2022-07-18 22:20:07
be044781-8644-4881-91b1-8fe5f4fbfd8e,Tansy,Shimoni,tshimoni9k@scientificamerican.com,$2a$04$B6m2lzytddvbLxNw.bk17.IzsmsAl7d.aAS7p13mJpeyxuCLtMqUK,2,2030-01-16 22:09:38
4b2516a4-49cc-4227-8d5f-9b6a44c93ccc,Terri,Denkel,tdenkel9l@qq.com,$2a$04$xKJ6eA9kCN8cBwIZbvWyNuxwVreZ7DhKcC1URmgwGZYciikB.UP2.,0,2029-05-12 18:22:15
57552e20-9faa-46ed-8062-4f1d35d354e6,Marice,Nissle,mnissle9m@yahoo.co.jp,$2a$04$IBPP/7tTw7RApTAE9ilzqeSPSngSLpkSwTO0pr3LLpGvtJuQND05q,1,2020-10-16 21:31:35
f15de2d3-ac8c-4160-8f52-43c4c41bc125,Willie,Windress,wwindress9n@apache.org,$2a$04$qIxBMZU7bnmZNFCDKBTNvO5kPr9v4nN/BX.Uw6OBuWcIx56XUa3Pm,2,2025-12-05 15:23:40
a0eef36e-6c0f-42f6-b49e-0411c29541c2,Tricia,Tye,ttye9o@google.ru,$2a$04$vUERIupySuQFllNLQ3huquiAbBWRHM/Rl/SxGhFURYS.3Q2seiD1.,0,2015-03-26 06:51:07
c6e18661-8a1c-42b3-9df6-92c3bea4c4b6,Uta,Aylmer,uaylmer9p@php.net,$2a$04$LMMnooJUMPOxUU4IVZV2m.jcIg8K66YRD/LH5AnBZrQOXMU.fmmZK,1,2019-02-20 08:20:41
fdd88ffc-c7e5-4b5e-9a2a-5cb4359a20a5,Giusto,Hagan,ghagan9q@so-net.ne.jp,$2a$04$VRvvYC5ua8Nd8W/wK/H/7.E3NBTvJbVGNaCdVl33vMM/8ikftkTk2,1,2017-12-14 13:48:11
79282b63-8710-4cf1-8d1c-1eca28f6ac92,Neils,Portam,nportam9r@sohu.com,$2a$04$0PHxa5IE.xknvCNqIhR8Le5s6fIwZgsgvWh8fD.BFINYMJhbCcjIq,1,2026-09-24 18:34:59
ed3a2fd5-304a-447a-8c44-eac9da4675b5,Alayne,Blakey,ablakey9s@cdc.gov,$2a$04$OQxos4Sw8e6SGoxVlquxPeyCdhUGFr5BHlOc0ZN7RkNm8UUjkIBXy,2,2016-10-25 19:28:21
1e0ad1c1-a69f-45f1-b36c-63700a5c5119,Zollie,Tothe,ztothe9t@marriott.com,$2a$04$blPlLxiB7/FXxml.tjHA9Okn6JDl3LTtRxjoIA07VmXtwIgj8eMp2,2,2030-04-07 19:15:25
6acda8fa-34dc-4cfa-bb50-5d1f66e08363,Clarita,Gossling,cgossling9u@themeforest.net,$2a$04$QyogcEMCAbBa9QpSW6zQnuSxrU1PZxFpn1YpRFQkVXALEhYhK1Pia,1,2020-07-03 18:07:20
3b2385be-63fa-4507-8a62-87e53f8f1694,Elyse,Hillyatt,ehillyatt9v@furl.net,$2a$04$mO.9c0e3JtOF6RJFfTzi1OqyAC.PhQbuIe/hWs.l5mw4aKyfWbIkq,0,2030-08-02 06:39:14
163e45c7-046c-49ef-9cc4-d97bbf1a8543,Adriano,Tuft,atuft9w@nasa.gov,$2a$04$79vXOU9BSNS.HudAc8RZj.NM312rw2H4PUoSAPWfK.Z4nPrfAQgjC,2,2016-07-21 20:33:34
00f018fe-9efe-41dd-9749-ab3af3ec5dec,Connie,Kilday,ckilday9x@cornell.edu,$2a$04$RXOSlZlwlVIQVCZluuNWMuJtd0AXT5BdJbKWQZOY3vwjULt9F8cZy,2,2018-09-12 19:17:16
4aa0c026-b6d7-4be3-a668-b57773df7cc8,Reinaldo,Wudeland,rwudeland9y@wordpress.com,$2a$04$r/D8EAFGnvqhCddq7nhsc.knckCl7xW.mS1FLWYUU/Hj0oZrDTdgy,0,2025-11-21 12:37:57
79f5c5b4-e985-4bf3-a6b5-af37f789206a,Gabie,Blazek,gblazek9z@cocolog-nifty.com,$2a$04$cRrdQp/RWet.qvPQ.2iPiO1h/ewrA9DuizgSAF8re9UjPBK/PpZqC,2,2017-05-08 06:38:08
35fb04aa-765f-48c0-86ae-f703ca14ad1a,Mort,Stannus,mstannusa0@bbc.co.uk,$2a$04$MRGlzeNL.PGQUi1ujn8jvOegIAz41d37xXPNFObwZz4wmb60FpvXa,1,2026-01-20 17:17:59
311297be-f51b-4106-a90b-a805e45a25a6,Vaughan,Reichelt,vreichelta1@plala.or.jp,$2a$04$AZUTnqE9ZKAn.nkNmZbSbe9LvKuFZ9AY3EA7MBhGafU2HoJ0plxlu,0,2018-09-29 11:07:28
0d2be588-3fe8-423e-916c-01a136f4952c,Niels,Cavanaugh,ncavanaugha2@boston.com,$2a$04$9XwfanhIA6JBsuusV/jxb.C3DOf5FsU1G09wlEv1ZVTjmFEm3gnvO,2,2024-09-06 13:20:20
142af20f-5766-4899-ba28-e6b021932d91,Broddie,Kupka,bkupkaa3@youtube.com,$2a$04$ayGYxdk9otbkRXYrZy.BJengr18CQq3Kf4DTbkwCfeQCXAMsQfipS,1,2024-03-15 10:58:13
e36e4aa5-d42b-409d-a86d-2001769f93a7,Chantalle,Thurman,cthurmana4@wired.com,$2a$04$LnooaSsfaIXXVS3yIb0A0OCpyaRrFYBBdm0NHKartRLXcSnAW6CpS,1,2028-09-22 09:57:21
bc6cf2f4-187f-4685-ac27-73c5ddefaab2,Janette,Handrek,jhandreka5@webnode.com,$2a$04$iDFwa1q9GtiErPp4WU./3.ffe4u6bMu2UEJd4R7/kSRJOT9x87N8C,2,2030-01-02 05:38:56
ab122ab3-6a79-451c-ae4a-ddbe0a0f44f7,Rob,Trumble,rtrumblea6@jiathis.com,$2a$04$zg2ex8ISQSzpIUUPPbQ0aeLG1FqKSooHiPAcQY.1GFbTsVpX7JAm.,2,2024-02-05 02:09:51
e0cdb779-f6df-43b8-be34-be54b4e83bcb,Faustina,Folland,ffollanda7@businessweek.com,$2a$04$mFrLA6UJhnIn376oblbpWOxAH/knc5oI3Iiayvo1BPU094QrzwHgS,1,2018-11-05 23:18:42
d9d6a1a1-2e1c-4bb8-8770-4901a4c450aa,Joycelin,Vassall,jvassalla8@angelfire.com,$2a$04$7wN7kcCW1yyrPvuDoVsl5u7XRbscK/ntAm5YLSV4k9cd1L00DyX5m,0,2019-07-12 17:09:04
cba248ac-2271-4a99-8bba-b03c2425c5c8,Mata,Camacke,mcamackea9@netlog.com,$2a$04$i3y4A1A5.nHNm13vR9l.0elTOJ5JzCKJeACU3RnTaDaZ89mrjq5QS,0,2025-07-14 08:45:40
d3ae11e1-45e7-4fa2-9cbe-935b348f4300,Evyn,Rowan,erowanaa@seattletimes.com,$2a$04$4D8B/LntNC1LMtU76RpHLea/jVSRy1.NnWRhhbYnXkuNM2ASXwyjG,2,2025-06-19 11:32:35
4d8d9683-d8d3-4356-9f0e-0774f1140bdf,Gearard,Aykroyd,gaykroydab@edublogs.org,$2a$04$TzSIzMj1px1hxBcDfD3GeOetqJ0vB79mEz.5gbpS0qJp/p5pRMFiW,1,2027-07-03 13:47:17
b44ab38a-c86d-4a0a-a972-f809517724a4,Kandace,Fidell,kfidellac@weather.com,$2a$04$o.18QCwGYOXV/o9eqDyosuVMI71So5cDvqbQTAvddbZHw3xexKrHK,1,2017-08-15 05:07:30
bcde79da-8f3b-4228-a483-f874f84e86e5,Don,Jina,djinaad@sakura.ne.jp,$2a$04$W8GuDU0e6XWtgsUstzCF4.1VRvQoWTJwim2tj59dr0PKQqrMlcLWy,1,2024-11-22 23:51:40
b6856963-f3c5-4408-af4e-5aef2d17df4d,Garvy,Tumber,gtumberae@mashable.com,$2a$04$K0nOJuvUSBI5bikBXTI1d.42d.mXcAsnG3VW1QlFUAomtaMJ2kX.i,1,2018-04-17 11:32:34
95f76ae1-01f7-4f05-aa9b-56f5f3821407,Frasquito,Ferentz,fferentzaf@sun.com,$2a$04$4La0utwcpAHfjRA5VNXev.zfYqmbOB.c7QeZby.B/0LzTMnpDHLx6,1,2028-04-15 15:54:28
36724c89-a004-4f74-b476-6fb6b4320ef9,Philippine,Cummings,pcummingsag@timesonline.co.uk,$2a$04$2rQSaTCGJw9hfOs6Js/jSeMNOsYfVDQwb6I/86uzayiEUPhYUdfP2,1,2030-08-08 04:28:21
9a435d43-b166-45e7-920d-e8cb2c731871,Lonnie,Hembling,lhemblingah@4shared.com,$2a$04$dxL9rReCG5STIAhtpm0d3e/1lEjcKlUDK6pypOVNxCb02HvLRgAYm,0,2025-09-22 07:32:49
6364071b-91ac-44d8-96a2-b12523931320,Florence,Kleinhausen,fkleinhausenai@cmu.edu,$2a$04$2VtOhDIMFRUdB69Zfok38.p95bsvC7PWu6Nhwb5nUx13rNBlyihn6,2,2027-04-29 23:20:09
5c73cb6a-2c48-456b-a3a4-7b06b5905fbc,Row,Padfield,rpadfieldaj@dmoz.org,$2a$04$izJ7g07CrFwNH3tTOaJAQ.fISDSJa3xtmJHF8h0RjDwC8cs2cOVR2,2,2023-04-27 05:17:09
4c951139-30d3-4328-a5cd-2d71280cfb6b,Petronia,Bamforth,pbamforthak@trellian.com,$2a$04$NV.P7E5cj593ThL.QP.mTerSVAhO9M8/vynuvB5MbgV0PNwrryIj2,2,2027-12-09 23:37:51
dfb07120-1b28-4471-809d-718709244940,Daffie,Pask,dpaskal@dot.gov,$2a$04$OQOMxWhoGDyStzAfNnOll.sIhOuv8KyXI.nz5ekb6Ii2J8ueGBmbK,1,2021-12-13 10:54:01
2eded8a6-516b-4ba9-896c-65951cbf10c0,Gussie,Leney,gleneyam@bbc.co.uk,$2a$04$cTIiZUXm4r38pDEvTAgKDOgYeXhMaIOvFek0OkbaN8IaGsLXku/4K,1,2021-10-28 04:31:11
b35aea6b-a00c-4cdc-a605-6fa183f42b60,Ardyce,Nutkins,anutkinsan@webs.com,$2a$04$szQ9zXH4R0rtY/n.rMqELO3VVLCR6c0lksRPQjgiva0YdjkOYjHYG,1,2017-08-06 11:05:36
6a910271-b5d9-4aec-adf0-d7f889644a60,Louie,Haigh,lhaighao@surveymonkey.com,$2a$04$PT7kP.BQeFG4xjkCU3g4SOmb1.jdzb0WjlL7aq3AJmucOAjPKJegq,0,2016-02-26 19:46:06
63a676e8-5181-4772-a9af-c5d2f53b7490,Oneida,Gable,ogableap@nationalgeographic.com,$2a$04$o6w3/36TGx3./xx5dds5IeiSxa9PMxjVYdt9PNtZAFcDN3REicVmK,2,2025-02-10 16:08:56
f4fdc452-e5cd-4b85-95cb-be31adfb0bf3,Wilton,Berwick,wberwickaq@buzzfeed.com,$2a$04$V6iszKZj3EjnyyfdHi8wCOBA4JvpTpzqMkFOzrxQr0E0016pMXgr2,1,2016-04-10 09:06:06
6fd374bf-acee-4bcb-9038-ea1c6fda287f,Vita,Allday,valldayar@cafepress.com,$2a$04$Lm0Xcf1zBjbDDzRTGmKZu.H/hgJ4hXLIfMzCB82wWnIujyGV1l1A2,1,2030-01-23 16:09:23
1b856a86-94f3-4b41-965b-7f8edf2d2716,Marleah,Walter,mwalteras@abc.net.au,$2a$04$rFWprBey9WMcZOyByBg.l.aMDkkvOcaxGnMy30yuoP72q2.8Kyb5C,0,2027-12-13 17:30:11
f13cdb25-bbc6-402c-8b3d-2b1b342b92c2,Cordell,Harrema,charremaat@xrea.com,$2a$04$UyMcAyiptd2kY3pmZftkjO0VF.th6ST9TwBon0U5.XLr/lN7qokwG,1,2019-03-24 01:06:08
5f911558-c787-4238-bbcf-53bcc7711aeb,Melodie,Braley,mbraleyau@meetup.com,$2a$04$9Ewk58jIew3D1HZUVPh/JeOCPGXenFd0vUL22jp/HCyWp9HmzS6qO,0,2021-09-08 09:52:09
9f490337-325a-46a4-b3af-a78a8f600351,Delila,Niccols,dniccolsav@blog.com,$2a$04$vG.CzE9tD6hxTQvfWjazUO8iTjf0wxqVcy5V8n0ycGs1iGQPLvIqa,2,2024-05-09 12:24:12
a8f4d524-c981-4b11-8b21-3b47d851fc96,Davide,Cockrell,dcockrellaw@marriott.com,$2a$04$x43rzRCg2.gz0Uij3pIJkeN7miDKT2.x1OmX.6oqluFvXQUagSxou,0,2019-03-11 19:32:33
208b6f23-8f0e-420c-90ef-070f9139634c,Dene,Llewellyn,dllewellynax@alexa.com,$2a$04$i6xBvRUlgfueco9DCVtAgeJbySC3NLGLDjAHUkCynm/98Noy1.gTy,2,2030-11-26 16:22:36
13276054-0296-4c16-8e19-4e7e2c4bb10e,Gayel,Totterdill,gtotterdillay@rediff.com,$2a$04$HYR8plJFLPGYNpD2MDMyteZr9ia6eEulSh/ICYQTZpCEow8K2LWLS,2,2027-12-13 09:29:54
ca76ea42-1da4-4818-b117-88052c98ffbf,Mag,Pettisall,mpettisallaz@list-manage.com,$2a$04$K5VPlwHUvd0TTEa6wzdlienfhFhQA4mqcofLewkioMZPXUg6hT0Ka,2,2015-05-23 01:58:04
8820c7e9-16a5-48ff-b777-ab8947c4a1a0,Birgit,Kelinge,bkelingeb0@amazonaws.com,$2a$04$SwL4TtAhPjIwWkGiteAgy.avs.V96VQiJG16aNO9LlnCxNGRhjm2q,1,2023-03-22 05:36:09
c61f4fc9-7018-4588-bd46-f284844482be,Ignacio,Travers,itraversb1@washingtonpost.com,$2a$04$ELUfZPR8wDVQtePG6TGkUu9QGP8TnsxdW7GqC/LCAe8.DpuPDXvAG,0,2020-08-29 05:11:16
9723dea5-96d4-4c2e-9072-54d4ec7d093c,Wolf,Varah,wvarahb2@51.la,$2a$04$1X9LcYH4HYQYHOHCtOaLree9dVOtuwqzLXd/FpOQDMWrEvI3uoO3K,2,2028-10-15 00:22:32
f3ea4531-4b07-4dde-a12b-cb687a4756df,Saundra,Studd,sstuddb3@soundcloud.com,$2a$04$AvLGLr03Qja2ofXgPJtCx.3QDjo7EwA8qfWC/pnOEsy4mFrVG66J6,2,2019-05-30 09:32:54
2898a958-adfd-4748-b5f2-0e8eb9cc6219,Jennine,Thacker,jthackerb4@bloomberg.com,$2a$04$2uWYB27HWBzDLR1MPVI27ea5.pbr2Av0tmzzxkAx/Ktpksatr77ge,2,2018-09-26 22:13:08
ffee7a9e-aa6b-4af7-a812-d47aa4fdd1eb,Benedetto,Le Friec,blefriecb5@acquirethisname.com,$2a$04$aQqwwWd1TlDvpMIvD5.UeO/svp9ZfnSXBbd4k2JF4f/ZE2O0K8iGu,2,2029-10-31 16:34:25
f8088c86-9ebd-4b18-99d1-81ad57370711,Lindy,Ascroft,lascroftb6@wikispaces.com,$2a$04$HOFIYuj5P9idwZRyzbkzIuwFJRZAGjQOZTKEB6LW/fuoQIsNCm3tC,1,2026-01-22 18:59:06
2653feec-b0ef-452e-b1e4-ba2c141aa97d,Siouxie,McCobb,smccobbb7@themeforest.net,$2a$04$5Z5NKUAsNKSF3CMEoBAVuelPmpNnjjf2zDjkkLroKbHjX0RMFX4Ie,2,2019-09-17 08:41:37
c4df32e8-7cb9-4511-8670-2370f78ff0c2,Kenon,Forde,kfordeb8@java.com,$2a$04$vRMi/eeUxmlwI7q6WeBRmO7bo8UQmq5Bte0GcvKS4j1rzBcgvMxPe,1,2020-08-15 00:49:01
fcf0a84e-24d2-48c4-a26f-8053be7c6e68,Charmain,Brayford,cbrayfordb9@studiopress.com,$2a$04$IikCVGPYOPFc4m4Bfj8/Buv1FKkFBSyVL/5Gy8xGG1MW5s9gjDCM.,1,2018-12-29 22:12:12
3031479c-5885-493a-ad5e-928d6a59fa59,Shaine,Shingfield,sshingfieldba@1688.com,$2a$04$5fTYnopdg5H5.vp2X4CG/elwH5SpLfgNXcdMjut8TSl5OTAargme6,0,2028-03-01 08:00:38
817e0462-3584-438d-92e8-cf0121ecdb8d,Merla,Tuminelli,mtuminellibb@wp.com,$2a$04$9r4K/Zn71I2jm7Z.N4SHRe7w9lYeouWtTTRjWD5R3MpumqFP3.M.q,0,2021-04-17 09:47:29
bcb639fe-fae6-4b48-9627-109231ad41bf,Shawna,Walesby,swalesbybc@about.com,$2a$04$PI.hBkhOyu/30VyIvDloIOEaY1LLKXIaOvdRsaDrShrCLMhgfo2im,2,2027-07-21 19:47:40
f029c745-0bbc-434f-b9c6-b58fae8c01a7,Ludovika,Ccomini,lccominibd@wp.com,$2a$04$GAlvcepDmFYPxp3ehF.2QOAMyrarnl9G1eWhI5yWsr5XCqiYt.R0a,2,2025-11-10 22:22:09
f998e3b0-a2ed-41ac-b300-dd1f0604c710,Inness,Helis,ihelisbe@addthis.com,$2a$04$dOjKBkP6jaXTUig.xF3Niuw6bMRHLhrCw5sdkxQKJ7Fk1B6k0/BtS,1,2030-07-21 00:21:16
6f08e599-bee2-4ff1-9dec-c5bf96f8b3ae,Jeremiah,Pruvost,jpruvostbf@epa.gov,$2a$04$h8I4mJCNvQvLuUTOJI.NZuLFph4OCeSHwdgpq2Dm3SvJHyb7zY/y2,0,2015-07-13 17:48:36
f8c3e5fd-fd9d-4b63-9eb8-ff0101d111db,Goldi,Lawday,glawdaybg@java.com,$2a$04$AR500c3ilRDGIAk9I1TqnOerIBLcoNR4jKBIZMfzyrmsIcXPbyrQS,0,2024-03-26 00:51:03
5a5dbeed-5ae1-40dd-a41c-9f8340e6442a,Truman,McGaugie,tmcgaugiebh@booking.com,$2a$04$shMVmN3uvpz9oMvw5gsA7.s99Ya9dOmAGdHHwQ/uPrBYsZlW/y8lS,1,2019-01-10 17:41:45
7515dfad-eb55-40bf-8e70-8974094f515e,Ezechiel,Tenniswood,etenniswoodbi@eventbrite.com,$2a$04$SU.JwQvTrEDlNAYx0ZC1XeQVm/xoejnwm/UFpSl6d7h4ds7h5A.ry,0,2015-12-01 00:14:38
785963b1-bf2b-4513-8c9b-3db2ba705f77,Garald,Dobrowlski,gdobrowlskibj@ft.com,$2a$04$Y/8/AssdTR6zUiHHZ8GyZOOLv17.WmLiLmVeZ6TCceJ9/cweGvDl6,1,2026-01-05 11:26:49
8961f809-66f5-4c8e-80fb-4ccadca2b526,Prue,Ewings,pewingsbk@imgur.com,$2a$04$Gv4w8pP0dJ7fty.zakotrOmBQLCV3BijUE0vHCgeebf5Uq/XZIIEC,0,2015-04-29 05:06:55
c2e07404-52e3-485e-a85e-347ff41893b5,Isidor,Saynor,isaynorbl@webs.com,$2a$04$0YbSx5sgNkom9l9Fl/McNuwZWJUHT/8Bp4XAJz1uhlmAko7eL1u92,2,2026-06-15 10:20:09
386580a3-78b7-4339-adcd-8ce7c6e4fd8e,Perla,Staries,pstariesbm@wikia.com,$2a$04$AEgZzqO5a9sPnqc49BmmWueVv8fXulJVo/.mlC3ftGB4DePG6PyDu,0,2022-05-02 02:39:11
1058e04c-d24b-4907-be2a-963663d784ea,Kyrstin,Grabban,kgrabbanbn@de.vu,$2a$04$W4LLfU0B6dP07f2G5XD4Ju4ruebDhUFEksEhNv3/cMLZQE0iI4jMG,0,2019-07-09 15:18:17
1d2b5d71-8c9d-46dc-b685-1450c3fc214d,Kelcie,Iacobini,kiacobinibo@newsvine.com,$2a$04$yMaTidjbHUw6YslsyyAtXO4LnfNBZLcBiiRpWwn8HK6nxtTI/.k5u,2,2020-10-26 11:40:24
cd4782e1-b32b-477e-bf30-7fe3a8b36385,Alleyn,Volage,avolagebp@unc.edu,$2a$04$wPT2pZupYlFPzVhX9QhEUO1r9XuqeZ7rR1AIlpv147k.gIYpaVxLy,2,2018-03-27 02:48:33
701da72f-4c9a-4e0e-894f-1350bb068819,Sawyer,Billing,sbillingbq@mysql.com,$2a$04$uWKK6ecBBW1DiwMAI/mzRechVjtXzjppYhyekHF/G0Qb.ZgqaaN5.,0,2020-09-07 01:43:18
983b3de8-6f5e-4723-b043-1a774ad71ac2,Chlo,Taffrey,ctaffreybr@webeden.co.uk,$2a$04$Fps4KlP5Ei.GkTdYzKBlheWOlOPshSEeAPa18YrZfK2jDV3JGszZm,0,2029-12-09 19:56:07
f3ad3b4b-846b-4e73-b654-4fba40a3ddd2,Margit,Chesshyre,mchesshyrebs@nps.gov,$2a$04$ic2yrwBtDcnA24v.YlYreu/K4j.SFbIYYs7c.WR6lNo2up1fs2ufS,0,2017-05-04 20:14:29
2414cb64-9e35-4796-8e7d-dccd46591a7f,Jessie,Hackworth,jhackworthbt@posterous.com,$2a$04$3nwBCKQhcPpz.viUHoUVUOllFOp998j/w5o6JQnnfj9UaZaYfez8K,2,2015-07-14 11:22:18
7dd772fb-9aef-42ee-8f9f-4d6f70364f70,Farris,Malec,fmalecbu@odnoklassniki.ru,$2a$04$0WNStubnLrmxlByuduoIA.eTeGHx8iGsg.E0gsG6yDFe4.XFiDrGi,2,2027-03-16 22:12:03
288555c9-14fc-44bc-b60b-3b853251dae4,Francyne,Churchouse,fchurchousebv@shutterfly.com,$2a$04$MkxSXva2vND30TV0xYd4GOV7nvV0G5bQQ2n.HWXIQ5ALzZB9x/8mS,2,2019-12-11 18:20:46
2e491cde-9439-4a48-81a3-757886b2a6ba,Arnold,Mundell,amundellbw@noaa.gov,$2a$04$mK6MD8Yv841RIXmpsgRn7O/vrRxYhzNMApSVXb97g2aj99aur.fxi,2,2019-09-30 23:19:43
e8f8e718-ed37-4b03-985d-3d2cc6c60a36,Luther,Hart,lhartbx@istockphoto.com,$2a$04$EGXfWVFbCsfbsM3fMwbDuOOaJmkLgv1nMOCNP07bc5sIlWCzqxHru,1,2024-07-15 04:42:37
389db254-894b-41df-833a-13150e5a025e,Victoir,Brasseur,vbrasseurby@mozilla.org,$2a$04$z.uGt/x2DEmSEYNdsdAOhel3aydilYE3BoLNk5xExNrIkkSIOW5eC,2,2022-11-26 16:40:46
98bb82ab-4e4d-4223-b4ec-5294e3ebfefe,Jelene,McCartan,jmccartanbz@youku.com,$2a$04$wxrUeCp6q7lH60vXccdXFu5jA0z6ep4oLw/oM/yQ/pdNWotEKmolW,1,2017-06-19 18:42:33
3d5a6983-f496-4017-b9f3-b5f5ec82a216,Elisha,Crix,ecrixc0@craigslist.org,$2a$04$U6LxjRr43IntVMt/oZmJYe.gRsc1BIV85W2PaEa5GNttNQMFblOgG,0,2023-08-07 23:11:17
ba826b88-fa85-4f20-b059-167317a37342,Brandi,Feldbaum,bfeldbaumc1@va.gov,$2a$04$az57iY8Vm.SLDmh/L1lOm.7PUJy3uET.zpaxLbD4KxIrKORAaXDjy,0,2016-07-14 09:49:51
ecd8e2df-fb39-485f-beaf-f2a3dc08e5b9,Kathi,Donisthorpe,kdonisthorpec2@auda.org.au,$2a$04$NOl67k8mYGfhEcxCMNYzcO1UB9gtyHOxH7gCfnXp6WQhnYyS39muu,2,2023-05-18 07:39:10
52060d0c-228c-492f-87c9-81e1f63af91c,Bethina,Loftin,bloftinc3@miitbeian.gov.cn,$2a$04$.nSm8.JxVk6wTPiwwMO2O.7fTZF7vW/2dzQA9ejD2BnLhDJLor7oe,0,2023-07-11 17:51:00
242c28fd-3f0c-4ef9-8611-ae142811c46c,Trefor,Keyser,tkeyserc4@ihg.com,$2a$04$ErjzFGOKD9H.Yvzv3IU/FOVJ585tsbFx/mc2cC6CPt0ufN7t.ZLPG,2,2018-03-26 13:40:13
4eff19be-e4ad-468b-9831-a3df6b7a52a4,Catriona,Crim,ccrimc5@instagram.com,$2a$04$1fia8Q/RNIrh44Y9suS1v.3uFwDX.8oJJdcMlS6S1fAkxoyfgnCye,0,2016-01-27 17:28:10
0a05917f-0d53-45f9-9de7-886963921a8e,Laurie,Chene,lchenec6@reddit.com,$2a$04$VRj...A60VGs0l2JcCM73O2sgyq5.bel49QAqvS9s1z1Eq7jtOZze,1,2023-12-14 13:08:00
c4d8b1f2-a9e0-470d-91e4-64e5dbe1bb5c,Sheila,Rootham,sroothamc7@unicef.org,$2a$04$fkAIyiE9ildhGsPEDqS3a.6fCHtf23LAO/9RVxAMfcXhnbom21o0W,0,2026-05-27 16:25:12
c8efa24d-035d-42f4-8273-825a170d7843,Hugibert,Maccree,hmaccreec8@discovery.com,$2a$04$YLaOAqMyCc2/Lp7LDo3Yce3C9Pn/gPutDDbvmIJlymk0at2S2509a,1,2027-10-28 12:12:38
144fbd54-5868-44e8-8aa9-74c6c7e5f284,Nico,Stanluck,nstanluckc9@spotify.com,$2a$04$g2ynUcPYAvdB78D/4PZuaeaoZiA46mqdcUnjbs1XGsnwIP5TvwQGy,1,2018-03-25 22:41:34
6af99e2f-967a-4cac-b441-84990116a91f,Ernesta,Twelves,etwelvesca@canalblog.com,$2a$04$iAfN0cnUykQ6fhFPAgG1R.Q1R4gH3oKh8rHrVX6dKMu1HKWIqjt2a,1,2017-01-24 05:59:03
fe07cf25-de42-476c-a595-4f2c3c22ce26,Farand,Cattemull,fcattemullcb@deviantart.com,$2a$04$wZg.jjAHRtu5s25jsdzleOSEaQzUgDAmKgDPqA0qjaB6sPF1z3O2W,0,2025-09-27 03:14:10
bd64f040-a75b-4998-9655-2840a4b30088,Ibbie,Chorlton,ichorltoncc@lycos.com,$2a$04$fpfdki5eK461ce6BSSh.X.8Y16O7A6QhwLgwpowclnCP6t.PAXLNy,0,2015-04-05 08:36:19
a07f285a-35d9-42a2-a568-7f8bc00e8f20,Quintana,Caroline,qcarolinecd@sina.com.cn,$2a$04$Gytzh3BzetaGlrZSqjLN.OUz3odyixr2Xtkt3./nP1boDH.vKh7Sa,1,2026-12-19 22:59:27
1f8e7265-a59e-4f88-81d9-b6bd1dff1b76,Sheelah,Armfield,sarmfieldce@intel.com,$2a$04$U1bVPzJFeVNOnHCCcM5CpuHKgahyuYNENuK.ADqUjULhbj13freEW,2,2016-05-19 07:42:06
6d3049eb-12c0-408f-857d-750ebd2e6fd9,Asia,Darbey,adarbeycf@narod.ru,$2a$04$QIRuk1SD86EajcidZShWFeZ/XVYLNm7IGZUX.aLaU/aF8PVG1EwgG,0,2022-02-06 11:02:02
efecceee-9926-4aa3-b9a6-3d5448570765,Heidi,Howley,hhowleycg@independent.co.uk,$2a$04$RggPRlvbX3aeRvlT1Bvg4u9xYt2ENXZyC.wKcv8Z9SKLRlRQegBe.,0,2021-02-25 22:56:00
71decbd4-954d-416b-9de6-5dadc298d2fe,Percival,Odo,podoch@cafepress.com,$2a$04$BeFnkEPdVX6iR/Z3LyXysOoHmODmmeDK.B3.MpQW4/KOo1lLnZE2u,0,2021-08-09 22:55:25
dc3d53af-2608-4ac4-90c1-2c0a5114e96b,Misti,Burhill,mburhillci@t-online.de,$2a$04$XZm7MMSLW50xbY2dnz09L.vHcI6SJFp5L53gxzJOcdKHMDhDM/JbC,1,2015-12-09 05:20:37
f21c96ce-2a3f-404a-8ef9-c8239ec1f188,Morton,Burbury,mburburycj@pinterest.com,$2a$04$eCoSt95xiJ0AlmCtw/0kXeLRkKVZNHVzrqJvOVad9Hz1M1x.PWc8m,2,2021-07-23 14:19:08
b38bb6f4-fbd4-4dda-b604-df86e716f031,Chaunce,Spataro,cspatarock@tripod.com,$2a$04$nYl1SQGRsfnOUdWR8MhmoeJHdMhWBJAWY2Tp2BKSFukrmmjRkA.DG,2,2021-05-23 05:08:55
3adbee84-18df-437f-8016-c419d9c7a739,Lynda,Clausen-Thue,lclausenthuecl@usda.gov,$2a$04$RDtMu0Y18S3fnEj8KlYYM.AefblvHEeSdEqUq1UEmv73UhMRLJQUK,1,2024-06-22 05:17:07
ece06328-1dee-460f-9143-0068af176eec,Dorrie,Marquis,dmarquiscm@nps.gov,$2a$04$.oV/rBe8N2WvtTR0g1HmwumS3JgIH9YLCVlHBHw85MlfM3jAXYaUC,1,2023-10-04 17:32:58
2f2e54c6-b959-4b59-b9ad-5ad75304ee3b,Jackelyn,Paolozzi,jpaolozzicn@mashable.com,$2a$04$dMAHrVBSCz82/HkKHoiwDePAvdUvyD.VL9shWAJhntu55OeUc8AFK,0,2017-01-03 23:08:03
87f2fed5-c30c-48f2-bbca-3308ee485768,Brandy,Woller,bwollerco@xrea.com,$2a$04$rydHInv8IWi0bdli2NK.xumP0FjDPQaAJOP.MDvDf8wrIgsBV4ku2,0,2026-12-09 12:36:47
ffe13680-1e84-427f-ab3a-e1fdec157283,Emilia,Beckers,ebeckerscp@dailymail.co.uk,$2a$04$nxSEbWmE0asUWGL7dBX5qOaLKwMS9t5lMbDdv6z3x.L26qeDtqjWa,2,2017-07-24 15:47:35
e7969ae1-1e0a-4413-965d-827d2b85b9d0,Blakeley,Tomsu,btomsucq@geocities.com,$2a$04$9n0KZ8vpMHBwimv8E6jFEu/wVxHe/DVPf8hs/Ilzc48WVgyF.l2Ui,2,2020-08-07 12:12:24
b7f93268-1c62-4dbe-a93e-cf62f59440f5,Leticia,Simyson,lsimysoncr@reuters.com,$2a$04$n.6mErA40wJQ7a9KcyfsL.xarru6ubCHVwg.Df8zSVnjGaDNXCxz6,2,2023-08-25 22:25:21
46935c93-c2a5-4123-8931-0b74dcb725d3,Lodovico,Pesselt,lpesseltcs@github.io,$2a$04$ONlZotDeKHcvoK5Wkkab6uOlFUzni9FlCzaxuYHAe503M.b9AYYwK,2,2027-06-08 19:43:13
12e09a1e-f313-4fd6-a04d-d72432af500f,Sibylla,Netti,snettict@ox.ac.uk,$2a$04$Ek.rZsAN7q6N9S7wWF6tweTAQyHhwR3MJ7NEjgUdZVk.OFuAtLn1u,2,2030-03-16 02:53:01
735977c4-d437-4495-8979-ee1e1e0b88bf,Rosita,Eberdt,reberdtcu@chron.com,$2a$04$vJjYEtOGjV2v7NOTCrJGcObrn9ahzh03R39lwyd3pAGJk23I94jkO,1,2024-03-31 16:32:52
70427236-15e0-4b65-8ca2-1882298f920a,Alaine,Coatsworth,acoatsworthcv@sfgate.com,$2a$04$enh5u4j1uAIqB8MYkmBgQe9f5ku7sgK56NgEGEUBax2lQynFBCuVG,2,2026-06-14 10:20:12
26ce2da0-3288-4f91-957d-e0374e84c729,Kathleen,Orgen,korgencw@about.com,$2a$04$lxpAWNaT0TRJnA5wmaLr8.5XKFUPp4aB5y29X2kzLnMUS7d5xWokW,2,2017-03-03 07:08:49
171a6331-e1eb-4354-bae3-c5e1008883b1,Jonathon,Agiolfinger,jagiolfingercx@example.com,$2a$04$u9FSUJweiMFqDDsJ65IIgu5qSShubnahntI7QoIBjZedlHZdG.3.y,2,2030-05-14 17:57:20
f68aa4a0-9647-4ff0-9292-11fb77e3aa9f,Grazia,Pyke,gpykecy@stanford.edu,$2a$04$RevopYG1zThd3TAgUOAxCu3fgmQ4.cB2w69mLXNO2VhForzGd8H7y,0,2015-02-01 19:02:45
fde652cb-7ea8-4413-9533-21c6ecdc7021,Welbie,Riby,wribycz@slate.com,$2a$04$BM5MGDgoENosRwb3Kom/IeGFDzXILNNx1gm3Ecvat2ctYcHj6snl6,1,2022-07-31 14:32:19
5ba69ec4-3789-4c49-9b2f-d7053c50c380,Allister,Eddins,aeddinsd0@parallels.com,$2a$04$aPMLly5zO25FwE.UxIHOA.zqR9x1JyEey3rbFs1ZV4qjo1P8hGpj2,1,2017-05-21 18:54:35
1c9cc1ad-193c-4171-96a0-d372f627093c,Luther,Partrick,lpartrickd1@youtube.com,$2a$04$O9pJb/yOp63EMFsV75sBfO.NV/JX3uQdDmnh.iCmZ8Dn42XB8O.iS,1,2015-03-20 20:59:45
a04e8591-4163-4b63-9f4c-058288ed79ce,Merla,Delaprelle,mdelaprelled2@yahoo.com,$2a$04$ICYszesKRna/TK5.ECHZ5OfI91lP1UPHFC06zCg/F10f5mmOW8EmW,1,2028-01-24 22:29:11
e1881013-7ba9-4245-9035-4637d21d3b5c,Culver,Caisley,ccaisleyd3@army.mil,$2a$04$r5kNIh34EQsH5WnRxmhYgeeb2.3miN/n8ifow8t7M8Ltf/sLD1j8W,1,2024-02-09 21:15:05
c1fb096e-a803-4d0b-afad-e71d653c0771,Gleda,Macknish,gmacknishd4@google.ru,$2a$04$Qo7kaI7xYBI2X4PpNf9ha.dFZo6FZrGgc0TpJXaXyEiROmfKB7lhO,2,2025-01-25 17:56:15
a78ffd70-c33b-47a2-a104-bbd123230fa7,Elliott,Hentzeler,ehentzelerd5@howstuffworks.com,$2a$04$cyhjXlpK7TTO70eK15nUZeUNRiuytzo6k5SMpv7sRlGjLdU/svFBK,0,2017-10-09 13:47:35
32a8cfb8-1e98-4736-88ef-ba7bb48757bc,Glenn,Marrow,gmarrowd6@tinypic.com,$2a$04$kkwJ/WqJ.EYfDZPi.zhw.OhuzElAYpPsNhveV2UUo8PoKZgPQzORW,1,2017-10-04 06:57:53
2b110820-ddd6-4184-916c-2d3fec03558b,Gregor,Bellord,gbellordd7@imgur.com,$2a$04$TnvyACJ6QnqXJ6K29iIAvux8S0KY1O1bNwY/eCJy9bswtwbAnbZRC,2,2021-06-05 15:37:01
5671b96a-409c-4672-9cbd-1ffaa4c161df,Austen,Carvilla,acarvillad8@symantec.com,$2a$04$xCOzub1C1mrKxIMno7LUvOJuXZNzJv1WEFY0ctAq9mruPvq4V0fPe,1,2026-12-08 08:33:50
91e173d2-6c16-44b3-8d7d-ff38917069e1,Elyn,Reast,ereastd9@zimbio.com,$2a$04$gMTBhf4jDVmNt0O7CuKA8OfWeiYFD/q/L/.JS0xnYYOW6vXYbO5Lq,0,2024-07-13 12:58:38
03668344-f475-4615-8690-9859838be0d9,Tiena,Lewry,tlewryda@pinterest.com,$2a$04$RCe/atPuLu0vYBOdOiDKz./Illrw3VS8cH2NrUb/3y.N/esVZ0Ug6,1,2030-09-27 22:50:19
186efdec-f4a2-43e8-8a2d-b5d68a4ac02f,Wash,Duhig,wduhigdb@yolasite.com,$2a$04$Bfvhpb3KpygJpsVPdVyZ/uQlMpmUeS9jaA5cOe7SzIOiY2OPdabiu,2,2025-10-13 07:06:06
d2a5f79c-ca17-4116-988c-7b59cfc220b9,Nikki,Iacovelli,niacovellidc@bing.com,$2a$04$mh/lCsNVPFF8IrgwRvltCegkB7vBw6YA2feAHtvfOWjbjBUfE1E7e,0,2019-04-04 21:02:52
8783a196-1926-4d3c-8cea-aad591b81b1f,Tedda,Longdon,tlongdondd@google.nl,$2a$04$tel9b9sLCoKabqokuRtCLu58c/tdFtEA7AZqobJQqZ4AF/PcZxyoa,2,2022-03-20 03:46:12
c899db6d-6fc4-43da-8be9-e656c119c853,Wandis,Cleeton,wcleetonde@fotki.com,$2a$04$Muoz1onHiX5EPaOUAZZTduZdrh8QrPoBiewnnz/vpuu2c7Z8BCcQu,1,2015-04-04 07:53:56
1bea1ab9-2e1e-450e-8011-dda96514f668,Eba,Niblo,eniblodf@ucoz.com,$2a$04$Z1c4AswuGKaA/hVfF3Dbyub5.ilYjCmW8qwa.DTVgh1K9AdDUB.WO,1,2029-04-27 00:57:15
4f9b7cf5-bf1c-4abd-bac7-8b472ed56471,Catie,Gordge,cgordgedg@privacy.gov.au,$2a$04$dgKO.YegiW0ix5gY.WZ2.uYHiNzW7nnWX4ylu8F3rCemWz2zuUbPS,2,2024-04-13 05:52:16
f7e65833-49d6-4de7-af6a-4903ef843115,Avivah,Druery,adruerydh@skype.com,$2a$04$ZX/QlyQeIdTyLrYl0H/LR.fk.grrPF6W54.fwOFprlpWoWfeqyL3K,2,2029-07-16 17:50:15
7cfa3dc3-eedd-46d9-981e-7d34a7a0223c,Wilhelmine,Vogeller,wvogellerdi@prnewswire.com,$2a$04$Z8zwa.67rxKH/zHg9LJlM.LCjOWqP5/rHsvPVpVmRQ7WvJVFY5CLu,2,2026-11-03 23:33:23
b1fd8a9f-a8c5-4375-ab2b-d7cae9d729b9,Sauncho,Rudolf,srudolfdj@oaic.gov.au,$2a$04$o2Sa41W6immz0NQOq/zUaen2k9iCs8Mbe5NAUMHgmXRKiPWVZsV3m,1,2019-08-02 01:18:59
87478374-8993-4372-9433-faa60b0efe42,Tabby,Stretton,tstrettondk@yandex.ru,$2a$04$z4npJdewanUt.uSg.C6V7.EZxieRSvz8l72o.4F62GPbohi962oo.,1,2029-04-26 06:25:27
c1d6a7cb-29ef-4363-a8bf-59725d4d0519,Allyce,Conklin,aconklindl@si.edu,$2a$04$doxGH63qP1O.wzJFvByzcuYrDdNmeyejpywwmV2EKihIAbOpVOX4u,0,2029-06-28 02:25:26
6f696e21-295e-4228-9235-25e963bb716d,Garek,Klimontovich,gklimontovichdm@nih.gov,$2a$04$i3jNakHKOyIXx4vN7HC8XuQL97mXQEPSNDf0O79uyIwdF4ZwgKeB2,0,2022-01-16 14:47:12
36a55b85-1a45-4fd2-8875-9f836d4157f7,Jocelin,Warhurst,jwarhurstdn@free.fr,$2a$04$JVv0A5C66cgae1DbDixI5uPx4QSOlE0a.DdqzUoma8lpnB2zyyQHy,0,2021-02-26 04:12:04
783bdd26-5576-4293-bc90-9f135df98d94,Colin,Summerhayes,csummerhayesdo@ibm.com,$2a$04$YsHUK6J0ZlPGEqpntkBxD.PooJsMaK0aqDquklxjorif263UK9hKi,1,2026-02-04 07:30:31
7317e825-97fd-41f5-9312-ba3a06607f97,Boycey,Lux,bluxdp@indiatimes.com,$2a$04$oZ0G/IFoRjOgEqdSQZNEzuG.96LSUzeKSixmxmG0nUkr3F0rllXPi,2,2020-01-02 12:16:25
9cc7d28d-f250-42c9-9188-0f13dc5c1c93,Angelika,Miguel,amigueldq@mail.ru,$2a$04$sbcK.1Qje7sAoBbAxyfdBe/2nIenvP2qx8EEio7c.0fNY.6MJK69K,2,2025-02-24 02:51:20
d342097d-3630-48e2-80a4-7cdc086a7491,Lauritz,Rispen,lrispendr@nature.com,$2a$04$nk47gkBJYM6NGZ1/mEfqPOKpTtsBoj4R2uoXs1ncW1shYuTtJgyBi,1,2020-05-21 23:59:11
316dff55-2c3d-4df0-872a-afe2b4942807,Teresa,Pickston,tpickstonds@bigcartel.com,$2a$04$tb53RXyC8ZiKUjPDh0i7hOdk7rcznzUU.8YuXqFYDqkwoGIFlKj3m,1,2015-10-12 00:40:08
4fc5702b-3a0a-4deb-b78f-f0cfa2bf935b,Reube,Gleave,rgleavedt@examiner.com,$2a$04$zlbAqttgWiB2MkMxhNX47e5DFZM3dUTbBfpbiGkWebougBHFucVz.,1,2015-08-22 12:16:50
417f2927-d12c-4860-962d-4cb0b9d942af,Brittney,Ungaretti,bungarettidu@cisco.com,$2a$04$bX5MWc0GYat8G8X.6FNSj.IN6QVpbXwhUoNbJ5RCNor5uIGarDiFi,2,2030-08-17 23:05:44
dda20a69-15e0-4a2a-9cac-2742f51bffc0,Waldemar,McMyler,wmcmylerdv@gmpg.org,$2a$04$oW/AkggFjc8zk.M.LGhmbek85fHkHiPUNaMhyaJpTiIwe2SuElicm,1,2028-08-20 03:48:56
